elapsed_s,ns_per_line,resid_pct,phase
0.267,219.7,0.00,1
1.427,219.6,,1
2.195,219.7,,1
2.963,219.6,,1
3.731,219.6,,1
4.500,219.7,0.00,1
5.659,219.6,,1
6.428,219.6,,1
7.196,219.7,,1
7.964,219.7,,1
8.732,219.6,0.00,1
9.892,219.6,,1
10.660,219.6,,1
11.428,219.5,,1
12.196,219.7,,1
12.964,219.6,0.00,1
14.124,219.6,,1
14.893,219.7,,1
15.661,219.6,,1
16.429,219.7,,1
17.197,219.6,0.00,1
18.357,219.6,,1
19.125,219.7,,1
19.893,219.7,,1
20.663,219.6,,1
21.431,219.7,0.00,1
22.591,219.6,,1
23.359,219.6,,1
24.127,219.7,,1
24.895,219.7,,1
25.664,219.6,0.00,1
26.824,219.6,,1
27.593,219.7,,1
28.361,219.6,,1
29.129,219.6,,1
29.897,219.7,0.00,1
31.057,219.7,,1
31.825,219.6,,1
32.594,219.7,,1
33.362,219.6,,1
34.130,219.7,0.00,1
35.290,219.7,,1
36.059,219.7,,1
36.827,219.7,,1
37.595,219.6,,1
38.364,219.7,0.00,1
39.524,219.6,,1
40.292,219.6,,1
41.060,219.7,,1
41.828,219.7,,1
42.596,219.6,0.00,1
43.756,219.6,,1
44.525,219.6,,1
45.293,219.7,,1
46.061,219.7,,1
46.829,219.6,0.00,1
47.989,219.7,,1
48.757,219.6,,1
49.526,219.6,,1
50.294,219.7,,1
51.062,219.6,0.00,1
52.222,219.6,,1
52.990,219.6,,1
53.758,219.6,,1
54.526,219.6,,1
55.295,219.8,0.00,1
56.454,219.6,,1
57.223,219.7,,1
57.991,219.6,,1
58.759,219.7,,1
59.528,219.6,0.00,1
60.763,219.8,,2
61.580,221.7,,2
62.360,224.2,,2
63.141,226.9,,2
63.927,228.5,1.02,2
65.111,232.0,,2
65.906,234.5,,2
66.705,237.0,,2
67.507,238.9,,2
68.314,241.7,2.30,2
69.518,244.9,,2
70.334,247.4,,2
71.152,249.5,,2
71.975,252.5,,2
72.802,254.4,3.60,2
74.028,257.8,,2
74.863,260.3,,2
75.703,263.0,,2
76.548,265.8,,2
77.394,268.6,4.94,2
78.642,271.4,,2
79.496,273.4,,2
80.356,276.0,,2
81.222,278.9,,2
82.089,281.6,6.31,2
83.357,284.5,,2
84.234,288.0,,2
85.117,289.9,,2
86.003,292.8,,2
86.892,295.5,7.70,2
88.184,299.3,,2
89.084,301.2,,2
89.988,305.0,,2
90.897,307.0,,2
91.809,308.9,9.13,2
93.122,313.7,,2
94.046,316.4,,2
94.974,318.7,,2
95.906,321.5,,2
96.839,323.7,10.60,2
98.175,327.4,,2
99.122,331.1,,2
100.073,333.8,,2
101.026,336.3,,2
101.985,338.4,12.09,2
103.345,343.1,,2
104.314,345.3,,2
105.286,348.3,,2
106.262,351.0,,2
107.244,353.9,13.56,2
108.627,357.7,,2
109.619,359.9,,2
110.617,363.4,,2
111.617,366.2,,2
112.623,369.0,15.08,2
114.028,372.8,,2
115.044,375.2,,2
116.065,378.2,,2
117.091,381.3,,2
118.143,397.7,16.66,2
119.535,363.9,,2
120.523,358.8,,2
121.516,359.1,,2
122.515,360.7,,2
123.517,365.5,16.78,2
124.890,348.7,,2
125.879,348.9,,2
126.857,351.2,,2
127.832,350.3,,2
128.840,372.0,16.93,2
130.234,360.9,,2
131.226,359.9,,2
132.224,364.0,,2
133.220,361.9,,2
134.197,350.5,17.09,2
135.600,370.3,,2
136.612,373.2,,2
137.608,362.4,,2
138.604,362.6,,2
139.600,362.8,17.22,2
140.986,351.9,,2
141.964,352.2,,2
142.958,352.3,,2
143.962,367.6,,2
144.962,365.4,17.37,2
146.360,364.3,,2
147.364,365.6,,2
148.363,365.1,,2
149.372,367.3,,2
150.377,365.1,17.52,2
151.812,392.4,,2
152.830,376.5,,2
153.813,354.6,,2
154.822,366.0,,2
155.807,355.1,17.65,2
157.218,377.6,,2
158.237,376.7,,2
159.255,367.0,,2
160.274,378.2,,2
161.260,356.2,17.81,2
162.650,356.4,,2
163.688,378.3,,2
164.700,372.8,,2
165.740,391.2,,2
166.775,381.1,17.96,2
168.167,365.4,,2
169.207,380.8,,2
170.257,392.9,,2
171.269,368.6,,2
172.287,372.0,18.12,2
173.685,368.0,,2
174.710,381.1,,2
175.713,359.1,,2
176.756,392.2,,2
177.769,373.2,18.25,2
179.174,371.0,,2
180.210,380.4,,2
181.250,380.9,,2
182.297,387.9,,2
183.330,374.4,18.41,2
184.736,365.6,,2
185.799,394.2,,2
186.852,389.1,,2
187.889,388.7,,2
188.936,395.0,18.57,2
190.341,371.0,,2
191.416,404.4,,2
192.449,386.1,,2
193.492,393.2,,2
194.563,410.0,18.73,2
195.976,378.0,,2
196.990,375.5,,2
198.040,396.6,,2
199.071,384.9,,2
200.070,364.5,18.89,2
201.502,386.1,,2
202.509,369.9,,2
203.521,365.0,,2
204.521,365.2,,2
205.585,405.4,19.02,2
207.003,378.5,,2
208.055,399.6,,2
209.062,366.4,,2
210.062,366.4,,2
211.109,394.4,19.17,2
212.532,378.0,,2
213.553,378.3,,2
214.591,389.5,,2
215.630,389.8,,2
216.696,407.1,19.32,2
218.148,401.5,,2
219.181,379.5,,2
220.206,379.8,,2
221.257,390.0,,2
222.311,399.5,19.48,2
223.720,376.4,,2
224.765,394.1,,2
225.859,425.5,,2
226.897,390.4,,2
227.931,388.2,19.65,2
229.379,398.4,,2
230.414,382.6,,2
231.480,404.7,,2
232.490,371.8,,2
233.514,371.3,19.80,2
234.973,398.8,,2
236.023,393.2,,2
237.051,382.4,,2
238.079,383.4,,2
239.099,372.7,19.93,2
240.571,415.8,,2
241.609,384.9,,2
242.652,384.5,,2
243.694,392.9,,2
244.740,385.0,20.09,2
246.163,385.0,,2
247.178,374.2,,2
248.219,385.5,,2
249.235,374.7,,2
250.267,385.3,20.24,2
251.714,396.6,,2
252.763,384.9,,2
253.795,386.0,,2
254.820,380.9,,2
255.926,432.4,20.39,2
257.384,398.6,,2
258.431,387.7,,2
259.452,379.4,,2
260.504,399.2,,2
261.552,397.3,20.54,2
263.013,408.8,,2
264.057,391.2,,2
265.094,388.7,,2
266.166,411.4,,2
267.203,382.4,20.70,2
268.651,400.1,,2
269.710,401.8,,2
270.751,390.9,,2
271.814,394.6,,2
272.842,379.4,20.85,2
274.337,429.1,,2
275.396,403.1,,2
276.450,399.1,,2
277.474,380.4,,2
278.515,391.8,21.01,2
280.003,417.6,,2
281.100,426.6,,2
282.158,401.3,,2
283.184,381.6,,2
284.231,392.9,21.16,2
285.685,404.2,,2
286.760,413.4,,2
287.788,382.5,,2
288.847,394.0,,2
289.910,405.2,21.30,2
291.389,420.4,,2
292.453,405.8,,2
293.492,383.7,,2
294.552,404.8,,2
295.610,395.2,21.44,2
297.059,394.6,,2
298.131,401.4,,2
299.178,396.2,,2
300.231,390.0,,2
301.298,399.1,21.58,2
302.739,396.4,,2
303.771,385.6,,2
304.832,396.9,,2
305.883,397.2,,2
306.917,386.2,21.73,2
308.361,396.9,,2
309.417,397.9,,2
310.458,386.9,,2
311.498,387.2,,2
312.553,400.2,21.87,2
314.023,409.0,,2
315.076,398.9,,2
316.144,408.6,,2
317.214,409.0,,2
318.288,407.0,22.02,2
319.768,411.1,,2
320.826,399.4,,2
321.871,389.2,,2
322.971,422.1,,2
324.054,417.8,22.17,2
325.539,422.5,,2
326.605,401.4,,2
327.666,404.1,,2
328.724,401.8,,2
329.779,399.3,22.32,2
331.232,402.3,,2
332.272,391.3,,2
333.316,394.2,,2
334.423,424.9,,2
335.504,416.5,22.47,2
336.969,402.7,,2
338.010,392.7,,2
339.074,407.4,,2
340.179,426.9,,2
341.257,405.8,22.62,2
342.694,393.7,,2
343.790,427.1,,2
344.858,410.0,,2
345.939,416.9,,2
347.070,439.5,22.77,2
348.578,439.0,,2
349.638,394.8,,2
350.701,405.4,,2
351.769,408.3,,2
352.839,407.1,22.92,2
354.292,395.7,,2
355.366,407.1,,2
356.443,406.4,,2
357.504,403.9,,2
358.643,453.5,23.06,2
360.110,410.5,,2
361.178,408.2,,2
362.256,408.5,,2
363.343,420.3,,2
364.452,426.7,23.21,2
365.916,409.1,,2
366.981,398.1,,2
368.041,398.4,,2
369.119,409.7,,2
370.201,417.1,23.35,2
371.682,420.5,,2
372.761,410.4,,2
373.821,399.5,,2
374.897,412.6,,2
375.996,419.4,23.50,2
377.451,400.1,,2
378.520,400.3,,2
379.588,400.6,,2
380.696,434.1,,2
381.795,418.8,23.64,2
383.267,412.5,,2
384.324,401.6,,2
385.444,435.0,,2
386.534,413.0,,2
387.599,402.0,23.79,2
389.098,424.5,,2
390.199,423.2,,2
391.303,424.9,,2
392.415,436.6,,2
393.492,403.5,23.93,2
394.971,413.7,,2
396.038,403.8,,2
397.114,415.1,,2
398.191,415.5,,2
399.272,415.7,24.07,2
400.743,415.0,,2
401.836,425.6,,2
402.923,421.8,,2
404.033,436.1,,2
405.113,416.5,24.21,2
406.647,449.4,,2
407.745,427.3,,2
408.841,426.8,,2
409.908,406.3,,2
410.981,406.5,24.37,2
412.468,422.1,,2
413.535,406.9,,2
414.640,430.6,,2
415.725,418.5,,2
416.809,418.7,24.52,2
418.307,431.8,,2
419.419,428.7,,2
420.541,440.7,,2
421.614,408.4,,2
422.701,419.7,24.67,2
424.193,423.3,,2
425.293,420.2,,2
426.400,433.2,,2
427.521,432.8,,2
428.596,414.3,24.81,2
430.091,427.2,,2
431.184,421.6,,2
432.271,421.9,,2
433.382,433.8,,2
434.507,445.2,24.96,2
435.996,426.8,,2
437.123,445.7,,2
438.251,446.9,,2
439.355,424.7,,2
440.491,448.9,25.12,2
442.018,444.8,,2
443.127,426.4,,2
444.227,423.3,,2
445.327,423.8,,2
446.452,446.3,25.26,2
447.940,426.1,,2
449.046,424.4,,2
450.157,435.8,,2
451.274,436.6,,2
452.352,414.5,25.40,2
453.853,425.1,,2
454.965,436.5,,2
456.086,441.1,,2
457.168,415.5,,2
458.315,458.5,25.56,2
459.816,426.8,,2
460.975,459.7,,2
462.096,441.8,,2
463.202,433.7,,2
464.367,461.3,25.72,2
465.888,446.2,,2
467.011,439.4,,2
468.171,462.0,,2
469.322,453.4,,2
470.468,453.1,25.87,2
471.944,418.3,,2
473.049,429.6,,2
474.171,440.4,,2
475.271,430.4,,2
476.410,454.5,26.02,2
477.920,440.3,,2
479.006,419.8,,2
480.113,431.0,,2
481.200,420.1,,2
482.313,431.5,26.15,2
483.825,431.5,,2
484.962,442.2,,2
486.067,432.0,,2
487.189,442.6,,2
488.310,442.2,26.32,2
489.862,457.5,,2
490.967,433.1,,2
492.091,445.6,,2
493.201,435.4,,2
494.314,437.2,26.46,2
495.828,438.9,,2
496.993,459.7,,2
498.121,446.2,,2
499.290,472.6,,2
500.418,447.9,26.62,2
501.954,456.9,,2
503.067,435.6,,2
504.176,435.0,,2
505.292,436.0,,2
506.403,435.4,26.77,2
507.923,435.6,,2
509.052,446.8,,2
510.205,458.2,,2
511.342,447.3,,2
512.489,458.8,26.93,2
514.036,461.4,,2
515.186,461.9,,2
516.300,437.9,,2
517.450,460.5,,2
518.564,438.2,27.08,2
520.109,460.7,,2
521.241,449.2,,2
522.374,450.2,,2
523.578,495.4,,2
524.731,462.4,27.24,2
526.245,435.0,,2
527.368,433.7,,2
528.519,452.7,,2
529.663,457.2,,2
530.790,445.4,27.38,2
532.283,429.7,,2
533.384,430.1,,2
534.548,461.7,,2
535.669,443.3,,2
536.839,473.5,27.53,2
538.394,467.7,,2
539.582,475.6,,2
540.723,454.4,,2
541.890,464.3,,2
543.065,477.3,27.69,2
544.626,464.2,,2
545.754,444.6,,2
546.883,438.2,,2
548.023,454.4,,2
549.160,444.4,27.83,2
550.676,440.7,,2
551.841,470.4,,2
552.963,444.2,,2
554.075,433.9,,2
555.232,455.6,27.99,2
556.786,464.3,,2
557.959,475.7,,2
559.136,477.4,,2
560.281,458.4,,2
561.431,461.0,28.14,2
562.959,446.9,,2
564.110,461.2,,2
565.240,447.4,,2
566.395,463.7,,2
567.527,449.5,28.28,2
569.107,484.9,,2
570.288,481.8,,2
571.469,480.0,,2
572.600,448.6,,2
573.753,456.6,28.44,2
575.332,478.8,,2
576.467,451.1,,2
577.597,449.7,,2
578.783,483.1,,2
579.942,456.6,28.60,2
581.463,439.2,,2
582.584,439.4,,2
583.740,461.2,,2
584.895,461.6,,2
586.056,464.1,28.75,2
587.657,495.8,,2
588.812,463.9,,2
589.975,468.4,,2
591.111,452.3,,2
592.284,476.4,28.91,2
593.826,460.6,,2
594.987,467.5,,2
596.170,482.0,,2
597.339,463.1,,2
598.474,442.7,29.06,2
600.024,465.9,,2
601.218,485.2,,2
602.390,474.3,,2
603.513,443.3,,2
604.661,459.4,29.22,2
606.248,481.4,,2
607.407,466.4,,2
608.569,469.1,,2
609.758,482.9,,2
610.900,455.8,29.36,2
612.486,487.3,,2
613.635,459.8,,2
614.777,456.3,,2
615.932,454.1,,2
617.106,467.3,29.49,2
618.664,462.3,,2
619.833,464.2,,2
620.990,454.3,,2
622.156,466.7,,2
623.304,456.1,29.65,2
624.895,485.2,,2
626.077,480.8,,2
627.227,460.3,,2
628.424,481.8,,2
629.595,471.2,29.80,2
631.120,448.6,,2
632.255,448.6,,2
633.388,448.8,,2
634.554,470.3,,2
635.741,481.1,29.94,2
637.299,471.1,,2
638.465,471.0,,2
639.617,461.6,,2
640.802,473.8,,2
642.007,495.7,30.08,2
643.572,475.1,,2
644.771,482.9,,2
645.968,490.2,,2
647.136,462.2,,2
648.328,483.7,30.25,2
649.885,470.3,,2
651.072,485.2,,2
652.244,474.4,,2
653.426,481.2,,2
654.600,475.8,30.39,2
656.189,490.6,,2
657.343,453.3,,2
658.491,455.6,,2
659.665,466.1,,2
660.839,466.0,30.55,2
662.421,486.7,,2
663.595,476.6,,2
664.760,469.8,,2
665.948,485.3,,2
667.119,473.4,30.69,2
668.700,478.3,,2
669.870,468.8,,2
671.070,483.1,,2
672.248,468.6,,2
673.391,456.2,30.83,2
674.938,464.0,,2
676.092,464.4,,2
677.296,487.8,,2
678.464,471.6,,2
679.692,510.2,30.98,2
681.249,470.5,,2
682.410,458.0,,2
683.560,458.0,,2
684.737,469.2,,2
685.901,469.3,31.12,2
687.500,496.1,,2
688.724,507.9,,2
689.917,488.0,,2
691.115,483.7,,2
692.298,481.6,31.27,2
693.872,480.6,,2
695.033,460.2,,2
696.193,460.6,,2
697.374,471.4,,2
698.590,502.6,31.42,2
700.218,511.9,,2
701.414,489.5,,2
702.624,498.9,,2
703.828,494.9,,2
705.007,480.7,31.57,2
706.589,483.3,,2
707.776,483.7,,2
708.928,462.5,,2
710.102,473.9,,2
711.337,516.0,31.73,2
712.945,496.7,,2
714.199,523.5,,2
715.375,476.9,,2
716.539,470.7,,2
717.734,476.9,31.86,2
719.327,490.8,,2
720.535,497.1,,2
721.745,498.9,,2
722.957,499.8,,2
724.149,487.3,32.02,2
725.717,465.5,,2
726.916,486.0,,2
728.117,487.5,,2
729.322,491.9,,2
730.535,498.2,32.18,2
732.127,489.0,,2
733.323,490.4,,2
734.551,510.8,,2
735.733,479.9,,2
736.932,491.1,32.32,2
738.544,505.7,,2
739.774,500.6,,2
741.008,513.5,,2
742.219,500.3,,2
743.398,479.0,32.48,2
745.023,504.8,,2
746.250,509.6,,2
747.451,492.6,,2
748.654,494.5,,2
749.819,469.8,32.62,2
751.397,482.7,,2
752.594,489.7,,2
753.817,504.9,,2
754.998,480.9,,2
756.220,504.5,32.77,2
757.905,550.4,,2
759.111,497.4,,2
760.320,497.9,,2
761.512,484.7,,2
762.718,486.0,32.93,2
764.345,507.0,,2
765.544,492.2,,2
766.750,495.1,,2
767.968,504.9,,2
769.173,495.4,33.07,2
770.802,506.1,,2
771.973,473.7,,2
773.159,483.7,,2
774.364,495.6,,2
775.566,493.6,33.21,2
777.184,505.5,,2
778.411,508.9,,2
779.621,498.5,,2
780.828,486.6,,2
782.030,493.5,33.35,2
783.701,539.9,,2
784.914,500.9,,2
786.159,515.1,,2
787.396,514.6,,2
788.630,501.5,33.51,2
790.245,497.9,,2
791.421,477.2,,2
792.635,497.1,,2
793.902,535.3,,2
795.106,494.5,33.66,2
796.739,518.2,,2
797.949,491.7,,2
799.180,503.1,,2
800.389,497.9,,2
801.601,501.6,33.81,2
803.195,491.9,,2
804.448,522.7,,2
805.667,502.2,,2
806.890,506.6,,2
808.141,524.8,33.95,2
809.738,495.1,,2
810.936,492.1,,2
812.170,513.6,,2
813.393,502.6,,2
814.608,498.1,34.10,2
816.201,493.0,,2
817.412,492.2,,2
818.689,535.4,,2
819.939,525.1,,2
821.175,515.3,34.26,2
822.844,540.2,,2
824.096,525.5,,2
825.366,526.8,,2
826.603,515.6,,2
827.839,516.8,34.43,2
829.543,562.1,,2
830.783,517.9,,2
832.026,517.4,,2
833.325,547.5,,2
834.531,496.3,34.57,2
836.121,490.4,,2
837.350,510.7,,2
838.575,508.7,,2
839.818,519.6,,2
841.026,496.1,34.72,2
842.655,512.6,,2
843.894,507.4,,2
845.147,517.9,,2
846.355,497.2,,2
847.606,524.8,34.87,2
849.259,531.3,,2
850.458,491.9,,2
851.683,501.5,,2
852.919,509.1,,2
854.147,509.9,35.03,2
855.801,522.9,,2
857.036,511.1,,2
858.276,509.6,,2
859.493,500.1,,2
860.767,539.5,35.16,2
862.372,500.3,,2
863.580,497.4,,2
864.811,512.4,,2
866.057,522.4,,2
867.347,545.9,35.31,2
868.987,519.0,,2
870.234,522.6,,2
871.466,512.1,,2
872.714,513.0,,2
873.980,535.3,35.47,2
875.623,522.1,,2
876.899,535.0,,2
878.123,503.9,,2
879.339,502.1,,2
880.577,516.3,35.62,2
882.229,529.0,,2
883.515,547.1,,2
884.784,535.0,,2
886.068,536.1,,2
887.305,515.7,35.79,2
888.937,516.5,,2
890.175,517.0,,2
891.397,505.8,,2
892.685,538.2,,2
893.904,506.0,35.92,2
895.566,532.7,,2
896.813,518.6,,2
898.073,525.4,,2
899.345,530.7,,2
900.601,527.6,36.07,2
902.265,530.3,,2
903.522,528.4,,2
904.779,528.9,,2
906.002,508.5,,2
907.262,519.8,36.22,2
908.890,508.1,,2
910.165,540.1,,2
911.435,533.0,,2
912.712,541.8,,2
913.972,520.3,36.38,2
915.587,505.6,,2
916.865,541.6,,2
918.108,521.4,,2
919.337,510.7,,2
920.602,526.7,36.52,2
922.301,560.0,,2
923.563,522.7,,2
924.861,554.7,,2
926.091,511.2,,2
927.305,501.1,36.69,2
928.991,544.7,,2
930.244,514.1,,2
931.494,523.2,,2
932.743,524.3,,2
933.958,502.1,36.82,2
935.645,543.0,,2
936.879,514.6,,2
938.131,525.0,,2
939.425,546.5,,2
940.707,546.1,36.97,2
942.366,530.9,,2
943.642,540.1,,2
944.928,548.3,,2
946.227,549.3,,2
947.514,548.1,37.13,2
949.159,522.2,,2
950.412,526.3,,2
951.659,515.5,,2
952.940,538.9,,2
954.208,526.3,37.27,2
955.857,527.7,,2
957.198,568.7,,2
958.484,539.3,,2
959.817,571.8,,2
961.060,519.6,37.43,2
962.725,538.7,,2
963.983,529.6,,2
965.312,574.2,,2
966.605,551.7,,2
967.863,519.9,37.59,2
969.550,545.9,,2
970.842,551.0,,2
972.169,564.1,,2
973.419,519.1,,2
974.678,529.9,37.74,2
976.314,520.1,,2
977.633,562.7,,2
978.894,528.9,,2
980.213,563.8,,2
981.478,533.7,37.90,2
983.178,553.3,,2
984.419,518.5,,2
985.679,531.0,,2
986.961,544.1,,2
988.211,522.4,38.04,2
989.901,544.0,,2
991.162,531.8,,2
992.402,518.1,,2
993.684,545.3,,2
995.006,567.9,38.19,2
996.632,513.0,,2
997.893,524.6,,2
999.125,513.1,,2
1000.408,545.5,,2
1001.676,536.0,38.33,2
1003.358,539.9,,2
1004.643,545.6,,2
1005.877,514.3,,2
1007.161,545.8,,2
1008.446,547.8,38.48,2
1010.111,536.7,,2
1011.416,559.6,,2
1012.669,526.1,,2
1013.919,524.2,,2
1015.224,559.4,38.62,2
1016.904,537.3,,2
1018.176,538.0,,2
1019.497,565.9,,2
1020.829,569.8,,2
1022.128,549.3,38.78,2
1023.794,538.2,,2
1025.142,582.7,,2
1026.484,582.8,,2
1027.776,545.0,,2
1029.092,563.3,38.94,2
1030.775,540.2,,2
1032.080,558.9,,2
1033.371,540.6,,2
1034.664,540.9,,2
1035.961,553.8,39.09,2
1037.633,536.2,,2
1038.888,528.7,,2
1040.238,587.7,,2
1041.533,552.7,,2
1042.831,543.8,39.25,2
1044.525,554.2,,2
1045.801,542.2,,2
1047.130,574.5,,2
1048.394,534.6,,2
1049.657,532.0,39.40,2
1051.379,566.6,,2
1052.640,531.7,,2
1053.930,544.2,,2
1055.227,555.0,,2
1056.534,553.5,39.55,2
1058.183,528.4,,2
1059.482,556.4,,2
1060.785,558.2,,2
1062.091,556.8,,2
1063.370,542.3,39.69,2
1065.077,566.1,,2
1066.362,546.1,,2
1067.684,569.1,,2
1069.010,570.8,,2
1070.301,546.4,39.85,2
1071.962,535.9,,2
1073.288,568.2,,2
1074.578,549.4,,2
1075.847,536.4,,2
1077.135,548.2,40.00,2
1078.816,548.5,,2
1080.156,581.6,,2
1081.446,549.7,,2
1082.741,547.2,,2
1084.046,559.1,40.16,2
1085.725,539.2,,2
1087.131,623.0,,2
1088.397,535.5,,2
1089.677,539.2,,2
1090.973,548.5,40.30,2
1092.684,564.4,,2
1093.952,535.3,,2
1095.225,540.1,,2
1096.536,562.7,,2
1097.798,530.0,40.44,2
1099.518,566.3,,2
1100.814,553.1,,2
1102.106,541.7,,2
1103.405,555.0,,2
1104.694,540.4,40.58,2
1106.399,562.6,,2
1107.696,549.6,,2
1108.971,539.9,,2
1110.270,555.4,,2
1111.601,576.1,40.72,2
1113.266,532.4,,2
1114.564,548.3,,2
1115.948,609.9,,2
1117.282,577.8,,2
1118.632,587.8,40.88,2
1120.325,553.4,,2
1121.610,544.0,,2
1122.910,556.4,,2
1124.248,580.3,,2
1125.581,566.7,41.04,2
1127.327,590.2,,2
1128.647,568.5,,2
1129.948,557.7,,2
1131.233,546.8,,2
1132.562,569.4,41.19,2
1134.262,559.8,,2
1135.620,581.8,,2
1136.939,557.2,,2
1138.225,547.0,,2
1139.544,558.1,41.33,2
1141.293,589.2,,2
1142.612,560.9,,2
1143.907,547.9,,2
1145.244,571.0,,2
1146.589,584.5,41.48,2
1148.293,559.3,,2
1149.606,561.6,,2
1150.964,593.6,,2
1152.293,574.3,,2
1153.631,581.7,41.64,2
1155.348,564.0,,2
1156.713,596.3,,2
1158.006,551.7,,2
1159.319,564.8,,2
1160.627,561.2,41.79,2
1162.377,586.9,,2
1163.742,597.5,,2
1165.047,559.2,,2
1166.354,555.5,,2
1167.659,551.8,41.94,2
1169.389,578.7,,2
1170.727,572.2,,2
1172.051,563.1,,2
1173.379,573.6,,2
1174.691,564.5,42.09,2
1176.399,565.2,,2
1177.746,576.1,,2
1179.108,584.9,,2
1180.421,566.0,,2
1181.763,576.4,42.24,2
1183.469,564.9,,2
1184.797,567.2,,2
1186.149,589.2,,2
1187.494,576.6,,2
1188.803,556.2,42.39,2
1190.574,598.7,,2
1191.886,563.3,,2
1193.266,607.0,,2
1194.649,601.4,,2
1195.943,548.6,42.55,2
1197.682,583.4,,2
1198.967,546.5,,2
1200.322,590.3,,2
1201.637,565.9,,2
1202.993,591.4,42.70,2
1204.705,557.8,,2
1206.005,552.0,,2
1207.375,601.5,,2
1208.727,589.2,,2
1210.104,605.1,42.84,2
1211.859,592.2,,2
1213.259,619.6,,2
1214.618,587.0,,2
1215.996,605.7,,2
1217.334,581.6,43.01,2
1219.147,630.4,,2
1220.470,561.4,,2
1221.813,583.3,,2
1223.141,569.4,,2
1224.539,607.7,43.16,2
1226.295,588.1,,2
1227.621,572.8,,2
1229.016,616.4,,2
1230.362,585.4,,2
1231.703,573.9,43.33,2
1233.445,587.7,,2
1234.820,603.5,,2
1236.189,591.3,,2
1237.551,585.9,,2
1238.917,593.3,43.47,2
1240.624,564.1,,2
1241.966,576.1,,2
1243.328,595.4,,2
1244.736,619.2,,2
1246.127,604.1,43.62,2
1247.913,615.9,,2
1249.301,611.8,,2
1250.637,579.2,,2
1251.972,577.9,,2
1253.335,592.8,43.79,2
1255.136,621.4,,2
1256.493,586.5,,2
1257.914,626.3,,2
1259.285,601.1,,2
1260.687,620.9,43.95,2
1262.439,586.7,,2
1263.775,578.4,,2
1265.130,591.1,,2
1266.501,601.3,,2
1267.900,611.7,44.12,2
1269.681,604.9,,2
1271.055,604.4,,2
1272.390,573.9,,2
1273.730,578.9,,2
1275.089,593.5,44.27,2
1276.838,592.6,,2
1278.189,588.0,,2
1279.523,577.6,,2
1280.845,570.4,,2
1282.231,599.0,44.41,2
1284.016,614.3,,2
1285.368,588.5,,2
1286.725,592.3,,2
1288.062,579.4,,2
1289.368,561.6,44.57,2
1291.154,610.9,,2
1292.517,595.7,,2
1293.925,620.1,,2
1295.302,604.7,,2
1296.664,595.5,44.71,2
1298.421,597.2,,2
1299.811,604.0,,2
1301.167,591.8,,2
1302.601,641.4,,2
1303.971,600.1,44.89,2
1305.758,608.3,,2
1307.142,609.4,,2
1308.526,606.6,,2
1309.872,581.8,,2
1311.233,594.8,45.03,2
1312.985,593.0,,2
1314.339,590.6,,2
1315.704,597.1,,2
1317.066,585.2,,2
1318.429,597.5,45.17,2
1320.202,598.3,,2
1321.597,616.9,,2
1322.952,591.3,,2
1324.347,610.6,,2
1325.712,597.0,45.33,2
1327.502,607.3,,2
1328.878,598.7,,2
1330.240,595.4,,2
1331.638,619.7,,2
1333.039,620.1,45.48,2
1334.790,593.8,,2
1336.161,601.1,,2
1337.542,607.8,,2
1338.901,582.6,,2
1340.299,605.2,45.63,2
1342.072,607.8,,2
1343.419,580.6,,2
1344.809,606.8,,2
1346.178,600.0,,2
1347.567,612.5,45.77,2
1349.308,586.4,,2
1350.648,581.4,,2
1352.026,605.8,,2
1353.398,592.7,,2
1354.764,592.6,45.92,2
1356.549,611.4,,2
1357.927,600.5,,2
1359.302,603.8,,2
1360.705,611.6,,2
1362.052,586.1,46.06,2
1363.794,583.3,,2
1365.162,599.4,,2
1366.563,618.5,,2
1367.954,613.8,,2
1369.395,638.1,46.21,2
1371.187,618.5,,2
1372.548,591.2,,2
1373.911,595.7,,2
1375.346,643.1,,2
1376.711,597.2,46.37,2
1378.566,650.5,,2
1379.999,628.5,,2
1381.377,602.2,,2
1382.762,606.6,,2
1384.147,610.0,46.52,2
1385.894,589.4,,2
1387.299,623.0,,2
1388.747,650.0,,2
1390.157,626.0,,2
1391.584,631.4,46.68,2
1393.460,669.0,,2
1394.830,600.8,,2
1396.214,609.5,,2
1397.585,601.1,,2
1398.975,614.3,46.83,2
1400.772,621.7,,2
1402.195,635.6,,2
1403.586,613.6,,2
1405.049,650.4,,2
1406.421,601.5,46.99,2
1408.190,601.5,,2
1409.575,610.0,,2
1411.002,625.8,,2
1412.400,617.5,,2
1413.762,596.8,47.14,2
1415.560,615.4,,2
1416.950,614.6,,2
1418.329,597.5,,2
1419.763,641.2,,2
1421.130,599.7,47.28,2
1422.886,595.7,,2
1424.299,624.5,,2
1425.663,596.7,,2
1427.071,625.0,,2
1428.428,583.6,47.43,2
1430.239,628.7,,2
1431.651,628.1,,2
1433.002,584.3,,2
1434.401,618.8,,2
1435.764,593.9,47.56,2
1437.502,584.7,,2
1438.932,632.2,,2
1440.345,627.9,,2
1441.745,620.8,,2
1443.160,619.6,47.71,2
1444.942,611.5,,2
1446.339,608.0,,2
1447.731,615.0,,2
1449.146,629.9,,2
1450.542,617.2,47.85,2
1452.359,628.6,,2
1453.780,630.7,,2
1455.175,616.1,,2
1456.561,609.2,,2
1457.977,619.0,48.00,2
1459.771,619.5,,2
1461.168,608.2,,2
1462.597,625.6,,2
1464.001,621.7,,2
1465.411,620.5,48.15,2
1467.227,633.4,,2
1468.686,648.1,,2
1470.146,653.0,,2
1471.522,603.8,,2
1472.943,633.3,48.30,2
1474.746,624.8,,2
1476.137,613.8,,2
1477.507,602.1,,2
1478.957,644.3,,2
1480.425,656.3,48.45,2
1482.198,602.1,,2
1483.592,615.8,,2
1485.005,629.0,,2
1486.486,671.5,,2
1487.879,609.5,48.60,2
1489.656,607.3,,2
1491.112,645.1,,2
1492.568,654.7,,2
1493.960,608.5,,2
1495.379,628.9,48.75,2
1497.171,617.9,,2
1498.563,614.8,,2
1499.923,594.4,,2
1501.325,612.8,,2
1502.778,653.3,48.88,2
1504.549,605.4,,2
1505.942,615.0,,2
1507.362,627.4,,2
1508.797,638.6,,2
1510.205,618.1,49.03,2
1512.021,633.9,,2
1513.451,639.7,,2
1514.929,668.9,,2
1516.368,644.5,,2
1517.826,656.3,49.20,2
1519.638,631.8,,2
1521.107,660.1,,2
1522.471,597.7,,2
1523.919,650.1,,2
1525.348,638.0,49.33,2
1527.175,633.5,,2
1528.576,620.2,,2
1529.976,619.6,,2
1531.360,610.4,,2
1532.769,622.0,49.48,2
1534.594,637.3,,2
1536.016,625.0,,2
1537.470,642.6,,2
1538.902,632.1,,2
1540.314,627.3,49.64,2
1542.145,637.7,,2
1543.634,671.0,,2
1545.047,617.6,,2
1546.451,621.3,,2
1547.856,622.1,49.77,2
1549.713,655.5,,2
1551.167,646.3,,2
1552.607,646.5,,2
1554.083,660.8,,2
1555.508,635.6,49.93,2
1557.387,673.9,,2
1558.777,613.5,,2
1560.201,635.4,,2
1561.611,614.3,,2
1563.093,666.4,50.08,2
1564.866,606.0,,2
1566.337,665.6,,2
1567.782,648.7,,2
1569.227,648.2,,2
1570.652,626.0,50.24,2
1572.496,652.8,,2
1573.900,613.2,,2
1575.364,660.2,,2
1576.807,647.8,,2
1578.219,627.5,50.39,2
1580.053,636.1,,2
1581.500,649.7,,2
1582.930,637.1,,2
1584.355,635.7,,2
1585.803,651.4,50.53,2
1587.632,633.6,,2
1589.076,647.3,,2
1590.525,652.2,,2
1592.042,688.9,,2
1593.485,646.7,50.69,2
1595.316,640.2,,2
1596.781,650.6,,2
1598.233,652.6,,2
1599.690,656.3,,2
1601.155,661.6,50.85,2
1603.016,662.9,,2
1604.459,638.9,,2
1605.937,665.7,,2
1607.341,621.9,,2
1608.749,624.7,51.00,2
1610.623,667.8,,2
1612.044,622.7,,2
1613.499,654.7,,2
1614.938,638.6,,2
1616.368,639.7,51.15,2
1618.243,666.5,,2
1619.677,640.2,,2
1621.157,662.1,,2
1622.649,678.1,,2
1624.125,667.7,51.30,2
1625.953,634.9,,2
1627.484,702.8,,2
1628.939,645.4,,2
1630.399,657.4,,2
1631.907,679.3,51.46,2
1633.768,653.1,,2
1635.209,646.1,,2
1636.689,665.6,,2
1638.133,643.1,,2
1639.630,671.6,51.62,2
1641.452,637.8,,2
1642.877,635.8,,2
1644.322,646.6,,2
1645.734,627.0,,2
1647.190,654.8,51.76,2
1649.010,637.9,,2
1650.503,670.1,,2
1651.948,648.5,,2
1653.406,657.6,,2
1654.829,634.3,51.90,2
1656.680,656.1,,2
1658.121,645.4,,2
1659.585,649.7,,2
1661.075,673.1,,2
1662.482,620.7,52.04,2
1664.336,655.3,,2
1665.786,641.2,,2
1667.214,637.7,,2
1668.666,652.7,,2
1670.142,656.9,52.20,2
1671.980,642.6,,2
1673.487,683.9,,2
1674.923,642.5,,2
1676.370,649.2,,2
1677.840,664.5,52.34,2
1679.682,650.8,,2
1681.120,644.1,,2
1682.546,633.3,,2
1683.976,640.3,,2
1685.463,674.2,52.47,2
1687.307,651.1,,2
1688.760,654.6,,2
1690.233,664.4,,2
1691.688,650.9,,2
1693.151,654.5,52.62,2
1694.990,648.9,,2
1696.462,665.4,,2
1697.948,667.4,,2
1699.460,680.8,,2
1700.954,680.7,52.78,2
1702.866,683.9,,2
1704.373,680.6,,2
1705.835,659.0,,2
1707.340,684.6,,2
1708.781,646.6,52.94,2
1710.619,637.5,,2
1712.071,644.3,,2
1713.531,657.5,,2
1714.998,662.1,,2
1716.419,632.9,53.08,2
1718.289,669.5,,2
1719.727,643.8,,2
1721.189,658.7,,2
1722.657,658.8,,2
1724.111,654.9,53.22,2
1725.979,666.3,,2
1727.393,628.4,,2
1728.858,660.5,,2
1730.357,682.6,,2
1731.786,635.3,53.36,2
1733.705,697.0,,2
1735.168,656.4,,2
1736.663,676.4,,2
1738.165,684.5,,2
1739.629,655.6,53.51,2
1741.505,668.3,,2
1742.959,654.1,,2
1744.519,721.7,,2
1746.032,682.1,,2
1747.530,682.8,53.66,2
1749.425,681.5,,2
1750.888,658.9,,2
1752.372,672.9,,2
1753.878,678.0,,2
1755.358,671.5,53.82,2
1757.213,658.7,,2
1758.717,683.6,,2
1760.275,721.5,,2
1761.744,661.6,,2
1763.212,662.4,53.98,2
1765.061,654.7,,2
1766.612,709.1,,2
1768.127,688.4,,2
1769.596,664.1,,2
1771.153,719.2,54.14,2
1773.042,680.2,,2
1774.533,674.6,,2
1775.989,656.5,,2
1777.511,688.9,,2
1778.999,675.3,54.30,2
1780.856,659.8,,2
1782.334,664.6,,2
1783.835,678.6,,2
1785.329,679.7,,2
1786.786,653.8,54.44,2
1788.679,684.2,,2
1790.207,697.7,,2
1791.706,683.0,,2
1793.173,661.9,,2
1794.685,690.4,54.59,2
1796.635,710.8,,2
1798.115,671.0,,2
1799.615,682.5,,2
1801.147,703.8,,2
1802.627,670.0,54.75,2
1804.502,671.4,,2
1805.948,648.7,,2
1807.448,682.8,,2
1808.910,652.0,,2
1810.426,694.6,54.89,2
1812.335,694.3,,2
1813.836,673.2,,2
1815.363,692.8,,2
1816.848,668.8,,2
1818.445,738.6,55.05,2
1820.303,658.9,,2
1821.803,674.4,,2
1823.298,675.5,,2
1824.766,659.5,,2
1826.303,697.0,55.19,2
1828.170,661.4,,2
1829.659,676.1,,2
1831.179,696.0,,2
1832.686,683.3,,2
1834.217,696.4,55.35,2
1836.125,685.6,,2
1837.615,676.9,,2
1839.089,667.0,,2
1840.558,661.8,,2
1842.051,676.6,55.49,2
1843.994,711.7,,2
1845.486,678.1,,2
1846.948,659.2,,2
1848.452,687.0,,2
1850.008,710.9,55.64,2
1851.878,664.1,,2
1853.387,688.8,,2
1854.847,657.9,,2
1856.387,699.7,,2
1857.883,678.9,55.79,2
1859.764,665.3,,2
1861.287,690.7,,2
1862.771,673.3,,2
1864.277,678.1,,2
1865.753,668.6,55.93,2
1867.647,679.5,,2
1869.175,700.6,,2
1870.662,665.1,,2
1872.191,702.7,,2
1873.689,682.8,56.09,2
1875.587,683.1,,2
1877.084,681.3,,2
1878.585,678.4,,2
1880.059,660.2,,2
1881.525,661.6,56.22,2
1883.440,696.4,,2
1884.942,684.8,,2
1886.400,657.7,,2
1887.952,716.0,,2
1889.467,686.7,56.37,2
1891.369,686.0,,2
1892.894,689.3,,2
1894.411,694.7,,2
1895.947,706.8,,2
1897.503,718.6,56.52,2
1899.396,679.3,,2
1900.948,705.9,,2
1902.488,708.6,,2
1903.989,680.3,,2
1905.526,706.8,56.67,2
1907.456,707.3,,2
1909.013,720.0,,2
1910.539,699.5,,2
1912.011,660.3,,2
1913.519,688.3,56.82,2
1915.401,676.8,,2
1916.907,687.3,,2
1918.414,687.5,,2
1919.912,681.8,,2
1921.438,700.0,56.96,2
1923.354,695.8,,2
1924.889,705.5,,2
1926.471,735.4,,2
1927.967,674.9,,2
1929.546,733.3,57.12,2
1931.469,699.2,,2
1932.978,690.5,,2
1934.503,695.7,,2
1936.015,690.8,,2
1937.536,690.3,57.29,2
1939.479,714.0,,2
1941.050,729.0,,2
1942.588,698.2,,2
1944.133,713.1,,2
1945.678,712.7,57.44,2
1947.593,696.9,,2
1949.120,697.4,,2
1950.650,692.3,,2
1952.222,723.8,,2
1953.788,724.8,57.59,2
1955.680,682.9,,2
1957.297,749.2,,2
1958.818,696.8,,2
1960.330,689.3,,2
1961.857,689.3,57.74,2
1963.747,680.3,,2
1965.274,701.7,,2
1966.763,669.8,,2
1968.285,697.0,,2
1969.865,734.2,57.89,2
1971.782,697.9,,2
1973.293,690.3,,2
1974.807,683.5,,2
1976.329,698.5,,2
1977.857,695.2,58.02,2
1979.750,680.5,,2
1981.287,706.1,,2
1982.808,696.8,,2
1984.344,707.1,,2
1985.849,687.4,58.16,2
1987.751,687.2,,2
1989.255,674.9,,2
1990.779,688.4,,2
1992.374,738.3,,2
1993.918,711.1,58.31,2
1995.827,693.7,,2
1997.373,703.4,,2
1998.918,705.9,,2
2000.497,725.0,,2
2002.053,710.8,58.46,2
2003.996,711.4,,2
2005.552,714.2,,2
2007.060,688.9,,2
2008.585,700.3,,2
2010.160,730.8,58.60,2
2012.101,706.4,,2
2013.610,688.9,,2
2015.189,733.4,,2
2016.740,709.5,,2
2018.303,723.2,58.75,2
2020.277,735.0,,2
2021.875,745.7,,2
2023.367,674.7,,2
2024.897,702.5,,2
2026.560,776.7,58.93,2
2028.534,723.0,,2
2030.069,699.2,,2
2031.637,726.1,,2
2033.144,687.7,,2
2034.695,709.4,59.06,2
2036.623,705.8,,2
2038.167,702.7,,2
2039.701,704.8,,2
2041.237,705.2,,2
2042.778,709.3,59.21,2
2044.742,728.0,,2
2046.278,706.6,,2
2047.854,723.1,,2
2049.385,704.4,,2
2050.930,711.3,59.37,2
2052.857,696.9,,2
2054.426,716.8,,2
2056.015,740.0,,2
2057.545,702.2,,2
2059.051,682.0,59.50,2
2061.047,742.9,,2
2062.622,730.3,,2
2064.198,731.4,,2
2065.729,703.1,,2
2067.350,759.9,59.66,2
2069.276,703.7,,2
2070.800,698.5,,2
2072.384,736.0,,2
2073.958,719.1,,2
2075.510,716.0,59.81,2
2077.412,689.9,,2
2078.971,720.5,,2
2080.553,724.6,,2
2082.084,703.0,,2
2083.648,717.8,59.95,2
2085.619,723.2,,2
2087.157,707.1,,2
2088.686,701.7,,2
2090.202,691.2,,2
2091.777,723.8,60.09,2
2093.778,744.7,,2
2095.361,735.7,,2
2096.891,702.1,,2
2098.445,717.5,,2
2100.032,725.6,60.25,2
2101.994,726.3,,2
2103.560,724.7,,2
2105.211,776.7,,2
2106.788,732.0,,2
2108.353,718.7,60.39,2
2110.280,705.3,,2
2111.895,748.7,,2
2113.428,705.4,,2
2114.976,710.8,,2
2116.558,734.7,60.53,2
2118.519,725.7,,2
2120.071,716.4,,2
2121.668,744.9,,2
2123.254,737.3,,2
2124.800,706.8,60.68,2
2126.760,723.1,,2
2128.328,727.4,,2
2129.845,695.6,,2
2131.380,696.6,,2
2132.937,708.5,60.82,2
2134.895,724.0,,2
2136.470,720.6,,2
2138.032,722.7,,2
2139.711,788.0,,2
2141.268,719.4,60.99,2
2143.290,757.8,,2
2144.855,724.6,,2
2146.449,742.7,,2
2148.009,721.3,,2
2149.629,756.9,61.14,2
2151.606,726.7,,2
2153.164,718.9,,2
2154.746,735.8,,2
2156.326,725.1,,2
2157.907,735.6,61.29,2
2159.917,757.4,,2
2161.496,733.3,,2
2163.096,745.2,,2
2164.673,732.4,,2
2166.262,736.5,61.43,2
2168.233,731.8,,2
2169.775,709.8,,2
2171.371,733.3,,2
2173.004,761.9,,2
2174.606,748.3,61.59,2
2176.625,757.5,,2
2178.173,713.4,,2
2179.698,699.0,,2
2181.280,736.2,,2
2182.885,743.3,61.73,2
2184.937,779.7,,2
2186.516,734.8,,2
2188.066,715.5,,2
2189.610,710.8,,2
2191.212,748.0,61.89,2
2193.229,755.4,,2
2194.795,725.4,,2
2196.395,744.9,,2
2197.980,737.1,,2
2199.549,721.7,62.04,2
2201.496,716.6,,2
2203.068,727.0,,2
2204.708,772.0,,2
2206.341,762.0,,2
2207.951,752.3,62.20,2
2209.943,738.1,,2
2211.506,723.1,,2
2213.106,738.9,,2
2214.706,747.0,,2
2216.262,713.6,62.33,2
2218.293,771.1,,2
2219.881,740.6,,2
2221.505,763.0,,2
2223.092,733.6,,2
2224.701,753.2,62.50,2
2226.686,732.8,,2
2228.285,745.5,,2
2229.878,742.1,,2
2231.470,741.5,,2
2233.115,769.6,62.64,2
2235.222,810.1,,2
2236.819,744.9,,2
2238.398,725.4,,2
2239.974,731.5,,2
2241.601,764.1,62.80,2
2243.598,748.4,,2
2245.203,748.0,,2
2246.815,754.3,,2
2248.400,727.5,,2
2249.990,739.7,62.94,2
2251.942,709.7,,2
2253.589,775.9,,2
2255.195,750.4,,2
2256.774,733.8,,2
2258.379,742.5,63.09,2
2260.346,727.5,,2
2261.933,738.1,,2
2263.564,766.9,,2
2265.197,767.1,,2
2266.775,732.6,63.24,2
2268.803,764.4,,2
2270.389,730.6,,2
2271.995,751.4,,2
2273.574,734.3,,2
2275.174,746.4,63.37,2
2277.129,721.7,,2
2278.782,780.4,,2
2280.388,741.7,,2
2282.002,756.8,,2
2283.602,748.0,63.53,2
2285.590,743.4,,2
2287.228,767.0,,2
2288.864,770.7,,2
2290.468,740.8,,2
2292.075,752.3,63.67,2
2294.052,737.1,,2
2295.626,727.6,,2
2297.172,712.2,,2
2298.777,749.7,,2
2300.387,746.5,63.81,2
2302.379,744.8,,2
2303.949,727.9,,2
2305.572,761.0,,2
2307.233,780.7,,2
2308.860,764.0,63.97,2
2310.856,742.6,,2
2312.505,773.5,,2
2314.168,786.8,,2
2315.778,753.0,,2
2317.444,781.5,64.12,2
2319.427,738.4,,2
2321.048,760.0,,2
2322.679,760.8,,2
2324.348,781.1,,2
2325.955,752.3,64.28,2
2327.972,758.1,,2
2329.560,733.3,,2
2331.156,744.6,,2
2332.769,749.4,,2
2334.434,778.4,64.41,2
2336.433,751.2,,2
2338.050,757.6,,2
2339.647,742.5,,2
2341.227,733.9,,2
2342.826,745.7,64.56,2
2344.847,763.8,,2
2346.450,745.8,,2
2348.095,774.0,,2
2349.694,746.4,,2
2351.307,754.9,64.71,2
2353.321,756.8,,2
2354.923,742.4,,2
2356.592,790.6,,2
2358.220,764.2,,2
2359.821,748.6,64.85,2
2361.814,740.7,,2
2363.434,759.4,,2
2365.038,745.9,,2
2366.692,781.5,,2
2368.401,812.5,65.00,2
2370.417,762.0,,2
2372.084,782.3,,2
2373.747,788.2,,2
2375.438,793.4,,2
2377.117,789.3,65.17,2
2379.151,767.5,,2
2380.770,759.2,,2
2382.484,819.0,,2
2384.191,805.7,,2
2385.855,783.4,65.35,2
2387.857,749.2,,2
2389.534,789.2,,2
2391.128,744.3,,2
2392.760,768.2,,2
2394.383,762.0,65.48,2
2396.383,751.8,,2
2398.049,786.9,,2
2399.665,757.7,,2
2401.389,826.3,,2
2402.979,730.2,65.63,2
2405.033,784.5,,2
2406.633,746.9,,2
2408.267,760.4,,2
2409.898,766.7,,2
2411.536,770.4,65.78,2
2413.591,782.6,,2
2415.262,785.6,,2
2416.900,769.0,,2
2418.559,774.0,,2
2420.211,779.0,65.95,2
2422.208,748.2,,2
2423.864,773.1,,2
2425.476,746.1,,2
2427.151,784.7,,2
2428.772,757.8,66.08,2
2430.832,789.6,,2
2432.469,770.0,,2
2434.083,757.1,,2
2435.743,779.9,,2
2437.390,777.7,66.23,2
2439.409,763.2,,2
2441.045,770.9,,2
2442.659,755.5,,2
2444.273,752.9,,2
2445.925,776.8,66.37,2
2447.938,759.7,,2
2449.655,814.5,,2
2451.257,744.4,,2
2452.955,806.2,,2
2454.589,766.6,66.53,2
2456.694,809.1,,2
2458.335,765.2,,2
2459.955,749.9,,2
2461.582,758.9,,2
2463.303,817.0,66.68,2
2465.364,785.1,,2
2466.989,757.7,,2
2468.712,821.1,,2
2470.323,749.5,,2
2472.000,795.7,66.84,2
2474.055,785.0,,2
2475.740,800.8,,2
2477.388,776.6,,2
2479.056,789.6,,2
2480.714,770.7,66.97,2
2482.764,773.4,,2
2484.370,751.0,,2
2486.087,820.7,,2
2487.753,780.3,,2
2489.454,811.7,67.13,2
2491.491,772.2,,2
2493.114,755.6,,2
2494.704,739.7,,2
2496.354,777.3,,2
2497.982,761.5,67.26,2
2500.069,806.8,,2
2501.758,802.6,,2
2503.396,770.8,,2
2505.052,781.9,,2
2506.719,789.0,67.42,2
2508.824,817.2,,2
2510.461,765.6,,2
2512.096,768.4,,2
2513.714,755.2,,2
2515.365,780.4,67.57,2
2517.413,771.8,,2
2519.031,752.8,,2
2520.710,789.6,,2
2522.336,763.1,,2
2524.009,792.8,67.70,2
2526.077,789.7,,2
2527.772,807.0,,2
2529.412,761.1,,2
2531.097,794.7,,2
2532.788,804.3,67.86,2
2534.797,757.5,,2
2536.441,770.5,,2
2538.148,813.9,,2
2539.857,817.4,,2
2541.527,791.1,68.01,2
2543.617,801.1,,2
2545.244,762.5,,2
2546.861,756.8,,2
2548.496,762.6,,2
2550.146,778.5,68.15,2
2552.155,756.4,,2
2553.849,806.4,,2
2555.511,786.0,,2
2557.172,779.9,,2
2558.864,801.0,68.29,2
2560.933,790.8,,2
2562.558,763.8,,2
2564.264,811.7,,2
2565.942,796.7,,2
2567.644,809.7,68.44,2
2569.753,815.8,,2
2571.442,792.2,,2
2573.168,826.5,,2
2574.909,831.0,,2
2576.596,801.8,68.61,2
2578.630,771.9,,2
2580.361,820.8,,2
2582.054,796.3,,2
2583.708,776.0,,2
2585.358,768.6,68.76,2
2587.430,791.3,,2
2589.115,797.6,,2
2590.829,821.0,,2
2592.480,775.4,,2
2594.234,832.5,68.91,2
2596.305,793.7,,2
2597.965,776.3,,2
2599.798,893.0,,2
2601.481,800.5,,2
2603.136,781.0,69.07,2
2605.261,830.1,,2
2606.893,767.2,,2
2608.593,807.1,,2
2610.310,816.1,,2
2611.996,802.3,69.22,2
2614.055,787.7,,2
2615.740,801.0,,2
2617.373,761.6,,2
2619.080,803.5,,2
2620.799,815.7,69.37,2
2622.910,818.7,,2
2624.581,791.6,,2
2626.289,803.9,,2
2627.978,794.2,,2
2629.654,795.0,69.52,2
2631.733,792.5,,2
2633.490,842.4,,2
2635.156,784.4,,2
2636.848,805.2,,2
2638.529,797.7,69.67,2
2640.574,780.6,,2
2642.295,817.3,,2
2643.985,795.2,,2
2645.716,830.1,,2
2647.388,787.7,69.82,2
2649.438,781.8,,2
2651.119,795.1,,2
2652.841,818.5,,2
2654.555,808.4,,2
2656.223,789.0,69.97,2
2658.316,803.2,,2
2659.985,785.3,,2
2661.669,799.8,,2
2663.314,775.3,,2
2664.979,788.1,70.11,2
2667.058,792.8,,2
2668.734,794.7,,2
2670.423,800.2,,2
2672.083,786.0,,2
2673.819,832.2,70.26,2
2675.889,795.7,,2
2677.564,787.3,,2
2679.276,812.3,,2
2680.961,798.1,,2
2682.654,800.9,70.40,2
2684.724,794.8,,2
2686.428,809.5,,2
2688.131,812.9,,2
2689.835,813.1,,2
2691.564,828.7,70.55,2
2693.643,796.9,,2
2695.277,768.2,,2
2697.012,829.5,,2
2698.700,803.9,,2
2700.402,811.8,70.69,2
2702.606,880.9,,2
2704.311,814.0,,2
2705.974,786.7,,2
2707.664,804.3,,2
2709.301,765.2,70.84,2
2711.417,820.9,,2
2713.163,839.6,,2
2714.859,799.9,,2
2716.533,793.2,,2
2718.233,800.4,70.99,2
2720.286,776.4,,2
2721.961,794.8,,2
2723.663,812.4,,2
2725.375,818.1,,2
2727.105,826.5,71.13,2
2729.169,788.9,,2
2730.886,819.7,,2
2732.633,830.9,,2
2734.326,805.8,,2
2736.123,871.8,71.28,2
2738.219,811.3,,2
2739.909,803.6,,2
2741.606,806.7,,2
2743.300,799.4,,2
2744.965,787.4,71.42,2
2747.019,785.9,,2
2748.711,797.0,,2
2750.440,818.8,,2
2752.240,873.8,,2
2753.926,802.8,71.57,2
2756.031,809.6,,2
2757.732,811.2,,2
2759.465,830.9,,2
2761.132,784.0,,2
2762.868,824.6,71.71,2
2765.002,827.1,,2
2766.749,833.5,,2
2768.455,807.6,,2
2770.195,834.0,,2
2771.898,812.1,71.86,2
2774.055,851.4,,2
2775.783,821.8,,2
2777.492,816.0,,2
2779.196,813.1,,2
2780.906,806.5,72.01,2
2783.021,821.6,,2
2784.811,857.2,,2
2786.534,825.4,,2
2788.190,782.3,,2
2790.002,881.2,72.16,2
2792.168,856.6,,2
2793.902,825.4,,2
2795.612,816.7,,2
2797.327,819.8,,2
2799.059,831.0,72.32,2
2801.104,780.0,,2
2802.794,805.0,,2
2804.553,843.8,,2
2806.246,805.1,,2
2807.969,825.3,72.46,2
2810.124,849.5,,2
2811.886,850.6,,2
2813.676,862.6,,2
2815.389,814.1,,2
2817.120,829.8,72.62,2
2819.220,812.9,,2
2820.874,779.3,,2
2822.597,817.5,,2
2824.299,804.0,,2
2826.032,831.0,72.75,2
2828.118,804.9,,2
2829.863,839.2,,2
2831.638,848.4,,2
2833.356,821.6,,2
2835.085,828.8,72.90,2
2837.187,815.9,,2
2838.932,832.8,,2
2840.683,843.1,,2
2842.366,799.5,,2
2844.140,849.6,73.05,2
2846.256,824.2,,2
2848.009,843.2,,2
2849.748,834.9,,2
2851.419,792.0,,2
2853.105,801.4,73.19,2
2855.224,825.7,,2
2856.961,834.2,,2
2858.696,833.7,,2
2860.399,806.1,,2
2862.143,830.3,73.34,2
2864.286,836.2,,2
2866.027,831.1,,2
2867.781,845.7,,2
2869.530,837.1,,2
2871.213,798.7,73.48,2
2873.349,835.7,,2
2875.092,837.5,,2
2876.840,841.5,,2
2878.565,826.3,,2
2880.332,853.2,73.63,2
2882.430,813.2,,2
2884.207,849.3,,2
2886.017,876.1,,2
2887.762,838.7,,2
2889.573,869.9,73.79,2
2891.667,803.4,,2
2893.389,823.8,,2
2895.105,820.4,,2
2896.845,835.8,,2
2898.586,837.7,73.94,2
2900.732,837.1,,2
2902.454,822.6,,2
2904.206,843.1,,2
2905.946,834.0,,2
2907.734,867.5,74.08,2
2909.851,824.8,,2
2911.607,844.4,,2
2913.343,833.0,,2
2915.113,851.7,,2
2916.880,849.0,74.22,2
2919.016,837.3,,2
2920.750,831.3,,2
2922.534,863.0,,2
2924.342,879.2,,2
2926.070,828.1,74.38,2
2928.183,822.0,,2
2929.976,869.8,,2
2931.692,821.1,,2
2933.426,827.1,,2
2935.226,874.0,74.53,2
2937.359,831.2,,2
2939.115,842.7,,2
2940.895,861.1,,2
2942.618,824.5,,2
2944.339,819.7,74.67,2
2946.474,837.6,,2
2948.215,827.2,,2
2949.967,842.7,,2
2951.710,838.1,,2
2953.447,834.1,74.82,2
2955.590,834.8,,2
2957.316,826.5,,2
2959.072,845.8,,2
2960.800,824.4,,2
2962.541,836.8,74.97,2
2964.697,846.5,,2
2966.478,855.1,,2
2968.245,842.1,,2
2970.015,856.8,,2
2971.790,857.5,75.11,2
2973.905,823.5,,2
2975.702,871.9,,2
2977.451,839.5,,2
2979.221,855.3,,2
2981.025,876.3,75.26,2
2983.208,867.9,,2
2984.938,830.4,,2
2986.729,857.7,,2
2988.456,820.3,,2
2990.180,825.9,75.41,2
2992.319,833.5,,2
2994.079,848.4,,2
2995.794,820.0,,2
2997.558,850.6,,2
2999.324,854.0,75.55,2
3001.493,857.4,,2
3003.253,848.7,,2
3005.043,860.4,,2
3006.850,870.4,,2
3008.636,856.5,75.69,2
3010.764,831.7,,2
3012.555,859.6,,2
3014.289,831.8,,2
3016.086,871.7,,2
3017.892,878.4,75.84,2
3020.066,859.9,,2
3021.800,831.0,,2
3023.577,859.4,,2
3025.324,837.4,,2
3027.063,826.7,75.98,2
3029.184,827.6,,2
3030.906,824.2,,2
3032.672,845.3,,2
3034.447,858.9,,2
3036.190,837.8,76.11,2
3038.432,897.3,,2
3040.213,861.8,,2
3041.968,845.3,,2
3043.804,896.4,,2
3045.560,847.4,76.27,2
3047.689,829.8,,2
3049.445,845.4,,2
3051.316,910.5,,2
3053.067,844.7,,2
3054.840,856.1,76.42,2
3057.008,857.5,,2
3058.787,860.6,,2
3060.543,847.2,,2
3062.331,860.5,,2
3064.075,837.9,76.56,2
3066.220,844.0,,2
3068.007,859.0,,2
3069.731,825.6,,2
3071.470,835.0,,2
3073.293,882.3,76.70,2
3075.477,868.6,,2
3077.320,901.6,,2
3079.111,868.9,,2
3080.906,864.9,,2
3082.671,851.4,76.86,2
3084.850,865.3,,2
3086.637,867.2,,2
3088.405,853.3,,2
3090.178,845.4,,2
3091.950,857.1,77.00,2
3094.152,869.9,,2
3095.953,874.3,,2
3097.728,858.3,,2
3099.506,860.0,,2
3101.255,841.6,77.15,2
3103.394,834.9,,2
3105.156,848.9,,2
3106.960,876.2,,2
3108.747,865.5,,2
3110.546,874.4,77.29,2
3112.710,855.7,,2
3114.503,869.3,,2
3116.258,839.1,,2
3118.038,862.7,,2
3119.816,859.7,77.43,2
3122.037,883.7,,2
3123.872,889.9,,2
3125.661,866.6,,2
3127.415,844.2,,2
3129.151,834.7,77.58,2
3131.355,880.1,,2
3133.153,871.8,,2
3134.927,851.6,,2
3136.732,877.6,,2
3138.559,881.8,77.74,2
3140.787,888.6,,2
3142.585,874.4,,2
3144.410,889.8,,2
3146.196,864.3,,2
3147.980,862.9,77.89,2
3150.180,876.4,,2
3151.958,859.8,,2
3153.725,849.5,,2
3155.498,856.5,,2
3157.281,863.1,78.03,2
3159.470,871.6,,2
3161.217,840.1,,2
3163.061,901.6,,2
3164.827,847.4,,2
3166.643,873.1,78.17,2
3168.867,893.2,,2
3170.607,835.6,,2
3172.431,889.0,,2
3174.235,876.1,,2
3176.051,881.6,78.33,2
3178.260,884.4,,2
3180.082,881.0,,2
3181.852,845.2,,2
3183.670,882.9,,2
3185.510,894.2,78.47,2
3187.731,891.6,,2
3189.553,887.8,,2
3191.337,862.0,,2
3193.129,869.9,,2
3194.951,887.8,78.64,2
3197.146,866.7,,2
3198.920,849.2,,2
3200.727,878.2,,2
3202.515,858.9,,2
3204.323,879.8,78.76,2
3206.554,886.6,,2
3208.342,866.6,,2
3210.188,895.3,,2
3211.937,841.0,,2
3213.741,876.4,78.91,2
3215.918,856.1,,2
3217.686,852.9,,2
3219.443,847.0,,2
3221.247,876.3,,2
3223.081,889.2,79.04,2
3225.351,911.4,,2
3227.186,896.9,,2
3228.964,859.5,,2
3230.764,869.4,,2
3232.548,863.5,79.19,2
3234.748,874.1,,2
3236.595,903.3,,2
3238.427,885.8,,2
3240.264,894.0,,2
3242.036,851.8,79.35,2
3244.226,866.1,,2
3246.082,906.3,,2
3247.884,875.0,,2
3249.704,885.9,,2
3251.525,887.2,79.49,2
3253.767,906.1,,2
3255.600,894.3,,2
3257.422,879.4,,2
3259.230,880.0,,2
3261.014,863.7,79.65,2
3263.221,874.8,,2
3265.079,912.1,,2
3266.931,906.8,,2
3268.763,895.0,,2
3270.611,904.4,79.80,2
3272.853,902.7,,2
3274.666,883.4,,2
3276.472,878.1,,2
3278.265,869.2,,2
3280.087,888.8,79.95,2
3282.385,936.1,,2
3284.218,894.8,,2
3286.044,882.1,,2
3287.850,877.1,,2
3289.703,908.7,80.11,2
3291.931,892.2,,2
3293.758,884.5,,2
3295.609,906.7,,2
3297.425,884.6,,2
3299.237,882.6,80.25,2
3301.439,879.1,,2
3303.263,889.6,,2
3305.112,905.5,,2
3306.916,876.5,,2
3308.709,869.3,80.39,2
3310.948,892.9,,2
3312.792,902.2,,2
3314.582,867.2,,2
3316.389,878.7,,2
3318.210,887.2,80.54,2
3320.472,914.3,,2
3322.299,891.1,,2
3324.133,894.9,,2
3325.961,893.1,,2
3327.737,857.4,80.69,2
3329.945,875.6,,2
3331.764,877.0,,2
3333.606,893.3,,2
3335.519,935.8,,2
3337.386,895.3,80.84,2
3339.612,889.0,,2
3341.410,873.9,,2
3343.247,891.2,,2
3345.018,856.2,,2
3346.868,906.0,80.98,2
3349.100,889.8,,2
3350.930,892.1,,2
3352.764,886.3,,2
3354.639,921.5,,2
3356.491,903.9,81.14,2
3358.744,906.9,,2
3360.561,878.9,,2
3362.415,908.0,,2
3364.195,852.3,,2
3366.004,880.8,81.27,2
3368.192,860.6,,2
3369.983,863.4,,2
3371.798,876.4,,2
3373.652,905.0,,2
3375.445,870.1,81.39,2
3377.684,901.4,,2
3379.529,902.5,,2
3381.345,884.0,,2
3383.181,892.2,,2
3384.985,875.9,81.53,2
3387.239,904.7,,2
3389.058,885.8,,2
3390.904,898.0,,2
3392.767,913.6,,2
3394.622,909.0,81.69,2
3396.866,899.2,,2
3398.638,851.2,,2
3400.461,888.1,,2
3402.288,888.3,,2
3404.166,920.2,81.82,2
3406.398,896.0,,2
3408.244,902.7,,2
3410.169,943.2,,2
3412.003,885.4,,2
3413.919,948.2,81.98,2
3416.173,904.9,,2
3418.067,927.8,,2
3419.880,877.8,,2
3421.725,897.8,,2
3423.567,892.0,82.12,2
3425.800,897.9,,2
3427.661,912.9,,2
3429.503,900.3,,2
3431.376,920.2,,2
3433.268,927.3,82.28,2
3435.485,888.1,,2
3437.346,914.0,,2
3439.157,867.8,,2
3441.021,913.2,,2
3442.841,886.2,82.41,2
3445.098,910.2,,2
3446.937,900.3,,2
3448.871,958.6,,2
3450.779,942.4,,2
3452.693,942.9,82.58,2
3454.954,916.2,,2
3456.819,913.1,,2
3458.668,906.3,,2
3460.516,895.9,,2
3462.371,900.3,82.71,2
3464.560,870.8,,2
3466.412,907.2,,2
3468.288,917.6,,2
3470.087,873.0,,2
3471.946,911.2,82.84,2
3474.199,902.3,,2
3476.074,921.3,,2
3477.935,909.1,,2
3479.816,914.7,,2
3481.662,901.0,82.99,2
3483.940,927.1,,2
3485.883,957.3,,2
3487.756,920.4,,2
3489.656,937.3,,2
3491.570,942.2,83.16,2
3493.847,927.9,,2
3495.741,932.9,,2
3497.583,898.6,,2
3499.419,894.7,,2
3501.261,900.9,83.31,2
3503.492,898.2,,2
3505.349,909.7,,2
3507.206,910.1,,2
3509.056,900.3,,2
3510.917,912.0,83.46,2
3513.188,923.7,,2
3515.013,888.7,,2
3516.885,920.8,,2
3518.770,925.2,,2
3520.697,949.1,83.61,2
3522.946,902.4,,2
3524.867,943.7,,2
3526.697,893.3,,2
3528.560,913.4,,2
3530.404,902.4,83.74,2
3532.660,913.3,,2
3534.557,930.8,,2
3536.435,918.6,,2
3538.262,892.2,,2
3540.219,967.8,83.89,2
3542.439,891.2,,2
3544.306,916.8,,2
3546.135,892.4,,2
3548.031,924.1,,2
3549.884,899.5,84.03,2
3552.174,935.9,,2
3554.071,929.4,,2
3555.895,883.8,,2
3557.759,914.2,,2
3559.606,905.4,84.17,2
3561.863,913.8,,2
3563.736,920.0,,2
3565.606,918.5,,2
3567.465,912.0,,2
3569.325,908.4,84.31,2
3571.583,914.9,,2
3573.500,949.5,,2
3575.437,953.6,,2
3577.323,924.9,,2
3579.212,922.6,84.47,2
3581.436,894.4,,2
3583.360,950.8,,2
3585.191,895.1,,2
3587.038,893.7,,2
3588.923,923.7,84.61,2
3591.195,919.3,,2
3593.064,910.3,,2
3594.958,931.9,,2
3596.773,884.3,,2
3598.658,922.1,84.75,2
3600.959,941.3,,2
3602.819,910.8,,2
3604.674,909.3,,2
3606.501,890.4,,2
3608.362,911.4,84.89,2
3610.651,929.5,,2
3612.539,922.8,,2
3614.411,919.0,,2
3616.277,913.9,,2
3618.122,902.1,85.03,2
3620.433,945.0,,2
3622.346,946.2,,2
3624.170,889.0,,2
3626.091,947.5,,2
3627.961,914.3,85.18,2
3630.247,932.7,,2
3632.121,914.9,,2
3633.964,901.3,,2
3635.845,926.5,,2
3637.738,924.3,85.32,2
3640.083,966.5,,2
3641.959,913.6,,2
3643.836,923.4,,2
3645.755,949.5,,2
3647.641,930.4,85.47,2
3649.890,908.9,,2
3651.776,928.1,,2
3653.618,900.2,,2
3655.474,907.0,,2
3657.376,929.3,85.61,2
3659.682,942.0,,2
3661.637,972.9,,2
3663.539,933.3,,2
3665.425,920.3,,2
3667.309,928.3,85.76,2
3669.562,911.2,,2
3671.419,906.3,,2
3673.235,879.0,,2
3675.124,921.3,,2
3677.041,940.5,85.90,2
3679.326,932.2,,2
3681.190,915.2,,2
3683.091,930.0,,2
3684.992,935.9,,2
3686.904,941.2,86.04,2
3689.202,933.1,,2
3691.137,952.0,,2
3693.014,915.8,,2
3694.906,922.7,,2
3696.745,899.5,86.18,2
3699.035,934.3,,2
3700.936,931.9,,2
3702.821,928.1,,2
3704.704,923.7,,2
3706.605,932.7,86.32,2
3708.862,914.7,,2
3710.772,944.0,,2
3712.690,949.4,,2
3714.611,949.0,,2
3716.477,913.8,86.46,2
3718.853,982.6,,2
3720.753,938.7,,2
3722.651,931.2,,2
3724.519,917.9,,2
3726.437,947.3,86.61,2
3728.688,906.8,,2
3730.566,923.3,,2
3732.474,939.3,,2
3734.374,937.6,,2
3736.321,968.1,86.75,2
3738.681,978.7,,2
3740.571,926.3,,2
3742.456,923.0,,2
3744.379,950.3,,2
3746.325,962.7,86.89,2
3748.632,945.6,,2
3750.528,927.9,,2
3752.407,923.9,,2
3754.383,974.6,,2
3756.286,931.3,87.04,2
3758.617,959.1,,2
3760.536,949.9,,2
3762.438,939.8,,2
3764.280,900.7,,2
3766.215,951.4,87.18,2
3768.560,968.9,,2
3770.448,931.1,,2
3772.339,932.2,,2
3774.243,929.6,,2
3776.178,955.1,87.33,2
3778.446,913.4,,2
3780.382,957.1,,2
3782.262,921.1,,2
3784.187,952.9,,2
3786.081,924.2,87.46,2
3788.365,929.6,,2
3790.293,956.4,,2
3792.261,980.3,,2
3794.200,952.1,,2
3796.105,940.9,87.61,2
3798.464,976.1,,2
3800.390,955.4,,2
3802.331,957.8,,2
3804.268,954.7,,2
3806.215,967.6,87.78,2
3808.490,925.0,,2
3810.434,957.0,,2
3812.332,935.4,,2
3814.251,950.0,,2
3816.096,901.8,87.92,2
3818.373,928.3,,2
3820.266,932.9,,2
3822.201,959.0,,2
3824.153,961.9,,2
3826.098,961.6,88.06,2
3828.433,960.5,,2
3830.314,923.3,,2
3832.240,953.9,,2
3834.126,928.4,,2
3836.017,926.2,88.19,2
3838.342,953.9,,2
3840.318,979.5,,2
3842.262,965.9,,2
3844.234,983.0,,2
3846.185,962.7,88.35,2
3848.492,937.1,,2
3850.420,955.4,,2
3852.356,961.4,,2
3854.252,934.8,,2
3856.192,962.6,88.49,2
3858.519,950.2,,2
3860.446,954.9,,2
3862.465,1013.6,,2
3864.392,950.1,,2
3866.303,934.2,88.64,2
3868.614,948.2,,2
3870.512,936.1,,2
3872.485,984.2,,2
3874.425,962.9,,2
3876.353,949.2,88.79,2
3878.725,985.2,,2
3880.673,969.3,,2
3882.560,929.1,,2
3884.554,997.5,,2
3886.538,979.8,88.94,2
3888.859,951.1,,2
3890.782,953.4,,2
3892.690,942.5,,2
3894.632,964.5,,2
3896.654,1005.9,89.09,2
3899.040,992.8,,2
3900.984,966.5,,2
3902.896,945.1,,2
3904.860,976.3,,2
3906.777,949.9,89.24,2
3909.025,907.8,,2
3910.989,977.7,,2
3912.940,970.2,,2
3914.937,995.0,,2
3916.857,941.7,89.37,2
3919.139,922.8,,2
3921.043,930.0,,2
3923.013,981.7,,2
3925.014,1003.0,,2
3926.979,978.6,89.53,2
3929.294,944.3,,2
3931.242,962.8,,2
3933.185,964.3,,2
3935.123,962.4,,2
3937.160,1024.9,89.67,2
3939.572,1013.4,,2
3941.567,988.1,,2
3943.555,986.6,,2
3945.522,975.6,,2
3947.476,972.4,89.82,2
3949.884,1009.6,,2
3951.843,975.9,,2
3953.837,996.7,,2
3955.826,993.9,,2
3957.858,1020.1,90.00,2
3960.225,984.8,,2
3962.146,950.4,,2
3964.023,924.0,,2
3965.941,941.1,,2
3967.979,1025.7,90.14,2
3970.314,959.2,,2
3972.249,948.9,,2
3974.249,1002.9,,2
3976.177,949.0,,2
3978.082,940.6,90.27,2
3980.472,999.3,,2
3982.401,955.0,,2
3984.343,965.6,,2
3986.250,941.5,,2
3988.189,962.1,90.41,2
3990.478,930.9,,2
3992.377,936.3,,2
3994.307,956.0,,2
3996.309,1002.6,,2
3998.341,1020.0,90.56,2
4000.673,960.4,,2
4002.656,990.5,,2
4004.585,955.5,,2
4006.586,1001.9,,2
4008.559,972.9,90.71,2
4010.921,980.5,,2
4012.953,1021.0,,2
4014.924,984.2,,2
4016.892,980.8,,2
4018.857,978.6,90.88,2
4021.219,981.0,,2
4023.187,973.7,,2
4025.154,972.7,,2
4027.131,986.7,,2
4029.085,972.0,91.02,2
4031.406,955.2,,2
4033.360,971.4,,2
4035.461,1053.9,,2
4037.425,970.4,,2
4039.432,1004.7,91.17,2
4041.756,955.9,,2
4043.763,1005.6,,2
4045.686,951.8,,2
4047.606,949.9,,2
4049.644,1025.5,91.33,2
4052.006,972.8,,2
4054.011,1004.1,,2
4055.948,957.1,,2
4057.902,971.7,,2
4059.955,1035.2,91.47,2
4062.328,985.8,,2
4064.321,996.4,,2
4066.268,968.5,,2
4068.241,982.8,,2
4070.235,993.9,91.60,2
4072.651,1015.7,,2
4074.664,1004.9,,2
4076.653,993.6,,2
4078.587,960.1,,2
4080.536,968.9,91.77,2
4082.924,994.1,,2
4084.954,1019.8,,2
4086.997,1024.6,,2
4088.979,979.9,,2
4090.896,944.3,91.92,2
4093.241,963.5,,2
4095.252,1009.5,,2
4097.304,1033.9,,2
4099.293,993.4,,2
4101.243,969.0,92.08,2
4103.580,957.7,,2
4105.543,977.7,,2
4107.508,970.3,,2
4109.484,985.1,,2
4111.462,985.2,92.20,2
4113.781,948.8,,2
4115.801,1014.0,,2
4117.774,983.2,,2
4119.687,946.7,,2
4121.685,995.9,92.33,2
4124.041,967.7,,2
4126.008,971.8,,2
4127.944,960.1,,2
4129.950,1004.2,,2
4131.905,972.5,92.47,2
4134.298,1000.9,,2
4136.288,994.8,,2
4138.260,982.9,,2
4140.226,977.3,,2
4142.172,966.6,92.61,2
4144.540,974.1,,2
4146.551,1006.1,,2
4148.525,984.9,,2
4150.583,1031.1,,2
4152.483,939.0,92.76,2
4154.875,987.6,,2
4156.878,1004.6,,2
4158.916,1024.5,,2
4160.919,999.8,,2
4162.948,1019.0,92.90,2
4165.326,991.1,,2
4167.319,996.3,,2
4169.281,976.9,,2
4171.295,1000.8,,2
4173.306,1007.3,93.06,2
4175.691,995.6,,2
4177.683,996.2,,2
4179.640,963.3,,2
4181.630,993.8,,2
4183.618,993.5,93.20,2
4185.948,960.0,,2
4187.988,1027.1,,2
4190.039,1029.4,,2
4192.105,1035.0,,2
4194.120,1000.9,93.36,2
4196.474,975.3,,2
4198.493,1012.9,,2
4200.519,1017.5,,2
4202.535,1004.1,,2
4204.623,1051.9,93.51,2
4207.016,990.2,,2
4209.000,990.4,,2
4210.949,969.6,,2
4212.978,1018.7,,2
4215.001,1014.5,93.65,2
4217.412,1012.4,,2
4219.393,988.1,,2
4221.392,999.9,,2
4223.384,995.4,,2
4225.350,974.6,93.79,2
4227.707,966.2,,2
4229.648,964.7,,2
4231.669,1013.7,,2
4233.641,982.8,,2
4235.696,1035.9,93.93,2
4238.075,988.5,,2
4240.082,1004.3,,2
4242.187,1067.7,,2
4244.148,970.3,,2
4246.102,967.1,94.07,2
4248.518,1005.4,,2
4250.511,989.8,,2
4252.523,1006.2,,2
4254.463,951.8,,2
4256.441,983.6,94.21,2
4258.821,979.4,,2
4260.861,1026.9,,2
4262.887,1017.5,,2
4264.905,1002.9,,2
4266.858,965.6,94.35,2
4269.310,1032.7,,2
4271.328,1006.2,,2
4273.323,997.0,,2
4275.320,1000.1,,2
4277.335,1011.0,94.50,2
4279.737,1003.1,,2
4281.750,1006.0,,2
4283.818,1044.0,,2
4285.846,1018.5,,2
4287.845,1000.7,94.66,2
4290.208,976.9,,2
4292.202,996.6,,2
4294.154,962.8,,2
4296.174,1014.7,,2
4298.169,993.4,94.78,2
4300.582,1012.4,,2
4302.581,1000.3,,2
4304.618,1025.3,,2
4306.624,1004.1,,2
4308.618,993.5,94.92,2
4311.008,989.1,,2
4312.957,968.8,,2
4314.979,1014.9,,2
4316.963,992.0,,2
4318.969,999.3,95.06,2
4321.371,1000.6,,2
4323.346,986.4,,2
4325.437,1049.3,,2
4327.455,1012.3,,2
4329.448,992.0,95.19,2
4331.851,1007.0,,2
4333.836,991.5,,2
4335.872,1021.8,,2
4337.910,1020.4,,2
4339.927,1011.8,95.33,2
4342.338,1008.6,,2
4344.405,1044.9,,2
4346.373,981.9,,2
4348.371,992.7,,2
4350.396,1009.4,95.46,2
4352.845,1031.6,,2
4354.844,991.2,,2
4356.880,1016.7,,2
4358.854,983.9,,2
4360.932,1046.2,95.62,2
4363.311,991.3,,2
4365.336,1011.4,,2
4367.380,1030.2,,2
4369.345,972.9,,2
4371.442,1054.8,95.76,2
4373.837,989.8,,2
4375.910,1041.5,,2
4377.945,1017.3,,2
4379.982,1024.7,,2
4381.999,1002.7,95.91,2
4384.416,1016.0,,2
4386.415,992.0,,2
4388.387,979.3,,2
4390.419,1020.1,,2
4392.447,1019.1,96.04,2
4394.872,1020.2,,2
4396.909,1018.6,,2
4398.904,999.2,,2
4400.936,1020.7,,2
4402.922,985.8,96.17,2
4405.394,1050.3,,2
4407.448,1035.0,,2
4409.508,1039.0,,2
4411.537,1012.1,,2
4413.597,1028.2,96.34,2
4416.090,1064.9,,2
4418.070,985.8,,2
4420.083,1007.5,,2
4422.111,1011.7,,2
4424.183,1046.4,96.47,2
4426.678,1064.9,,2
4428.683,1004.1,,2
4430.715,1021.7,,2
4432.699,991.5,,2
4434.697,999.5,96.61,2
4437.118,1018.6,,2
4439.213,1059.1,,2
4441.254,1027.5,,2
4443.262,999.5,,2
4445.323,1040.0,96.76,2
4447.745,1012.1,,2
4449.760,1009.8,,2
4451.735,985.2,,2
4453.832,1059.2,,2
4455.885,1028.9,96.90,2
4458.343,1040.3,,2
4460.422,1051.1,,2
4462.447,1016.9,,2
4464.505,1038.5,,2
4466.547,1028.6,97.06,2
4468.942,1001.2,,2
4470.994,1028.3,,2
4473.002,1007.0,,2
4475.044,1025.9,,2
4477.103,1036.5,97.21,2
4479.478,988.8,,2
4481.491,1010.2,,2
4483.519,1014.0,,2
4485.503,990.2,,2
4487.513,1008.1,97.31,2
4490.046,1080.8,,2
4492.029,990.1,,2
4494.094,1040.5,,2
4496.177,1054.1,,2
4498.224,1030.9,97.46,2
4500.612,998.0,,2
4502.590,986.8,,2
4504.592,999.6,,2
4506.680,1056.3,,2
4508.745,1032.9,97.60,2
4511.162,1005.5,,2
4513.247,1056.6,,2
4515.285,1023.1,,2
4517.380,1052.5,,2
4519.373,996.2,97.75,2
4521.802,1023.2,,2
4523.858,1030.9,,2
4525.867,999.3,,2
4527.903,1015.2,,2
4529.887,991.1,97.86,2
4532.340,1039.1,,2
4534.369,1019.2,,2
4536.478,1061.4,,2
4538.575,1059.6,,2
4540.628,1024.1,98.02,2
4543.047,1014.4,,2
4545.168,1077.7,,2
4547.179,1006.4,,2
4549.270,1057.6,,2
4551.345,1048.4,98.17,2
4553.824,1056.1,,2
4555.835,1007.5,,2
4557.865,1014.5,,2
4559.942,1050.1,,2
4561.999,1035.9,98.31,2
4564.446,1032.3,,2
4566.468,1004.3,,2
4568.570,1062.2,,2
4570.587,1004.1,,2
4572.629,1029.1,98.45,2
4575.071,1030.6,,2
4577.154,1053.2,,2
4579.194,1016.8,,2
4581.229,1025.0,,2
4583.267,1025.0,98.59,2
4585.672,1007.0,,2
4587.776,1068.8,,2
4589.849,1046.4,,2
4591.918,1044.2,,2
4593.919,1001.1,98.72,2
4596.418,1058.0,,2
4598.418,1000.9,,2
4600.476,1038.7,,2
4602.570,1053.4,,2
4604.561,986.6,98.86,2
4607.075,1078.3,,2
4609.240,1107.0,,2
4611.344,1066.2,,2
4613.408,1042.6,,2
4615.476,1044.2,99.02,2
4617.928,1037.9,,2
4620.032,1057.0,,2
4622.110,1045.1,,2
4624.185,1045.5,,2
4626.256,1044.3,99.17,2
4628.701,1028.6,,2
4630.747,1023.0,,2
4632.800,1035.1,,2
4634.901,1066.4,,2
4637.039,1084.8,99.32,2
4639.489,1028.1,,2
4641.537,1031.0,,2
4643.602,1034.5,,2
4645.645,1030.0,,2
4647.723,1039.6,99.46,2
4650.270,1087.4,,2
4652.347,1043.2,,2
4654.425,1044.4,,2
4656.495,1042.6,,2
4658.617,1067.2,99.62,2
4661.170,1103.1,,2
4663.272,1066.0,,2
4665.306,1022.5,,2
4667.321,999.4,,2
4669.392,1045.8,99.75,2
4671.835,1024.6,,2
4673.879,1019.1,,2
4675.903,1016.3,,2
4678.012,1070.2,,2
4680.020,1005.7,99.88,2
4682.478,1043.1,,2
4684.554,1049.0,,2
4686.686,1074.9,,2
4688.767,1052.8,,2
4690.900,1075.9,100.00,2
4693.435,1067.0,,3
4695.586,1076.2,,3
4697.663,1052.1,,3
4699.832,1110.3,,3
4701.906,1050.4,100.00,3
4704.385,1057.9,,3
4706.445,1041.1,,3
4708.594,1067.4,,3
4710.777,1076.3,,3
4712.941,1065.7,100.00,3
4715.429,1024.5,,3
4717.599,1077.7,,3
4719.711,1033.2,,3
4721.840,1041.9,,3
4723.960,1049.7,100.00,3
4726.562,1105.1,,3
4728.710,1065.0,,3
4730.837,1052.2,,3
4732.912,1028.2,,3
4735.016,1024.8,100.00,3
4737.541,1062.5,,3
4739.651,1048.8,,3
4741.741,1026.5,,3
4743.846,1037.1,,3
4746.006,1065.8,100.00,3
4748.431,991.3,,3
4750.544,1041.9,,3
4752.584,997.4,,4
4754.596,987.1,,4
4756.571,987.1,100.00,4
4758.938,987.1,,4
4760.913,987.0,,4
4762.889,987.1,,4
4764.864,987.2,,4
4766.839,987.1,100.00,4
4769.206,987.0,,4
4771.181,987.0,,4
4773.156,987.0,,4
4775.132,987.0,,4
4777.106,987.0,100.00,4
4779.474,987.1,,4
4781.449,987.1,,4
4783.424,987.1,,4
4785.399,987.1,,4
4787.374,987.0,100.00,4
4789.741,987.2,,4
4791.717,987.1,,4
4793.692,987.0,,4
4795.667,987.1,,4
4797.642,987.1,100.00,4
4800.010,987.1,,4
4801.985,987.2,,4
4803.961,987.2,,4
4805.936,987.2,,4
4807.911,987.1,100.00,4
4810.278,987.2,,4
