n,mode,bytes,pages,mean_s,sd_s,samples,resident_pages,digest
90,comp,32400,7,0.000031,0.000004,90,0,
90,dram_cold,32400,7,0.000052,0.000004,90,0,736700c521f840970896ecae0b7380ac1ae95db1f9664b967c370a964938080c
90,dram_warm,32400,7,0.00002999,0.00000001,90,0,f6cf44e0dba9aefda40ac722f5c23203106d8cf1e8ee5bab7d6c26c00b4440aa
90,nor_cold,32400,7,0.00024400,0.00001000,90,8,736700c521f840970896ecae0b7380ac1ae95db1f9664b967c370a964938080c
90,nor_warm,32400,7,0.00002999,0.00000001,90,8,f6cf44e0dba9aefda40ac722f5c23203106d8cf1e8ee5bab7d6c26c00b4440aa
128,comp,65536,16,0.000061,0.000005,90,0,
128,dram_cold,65536,16,0.000105,0.000008,90,0,5b32f23bb1b7e78c157ebeefef5a6e4bb1058ebfea76d0ea92b3eaaf1ad8f82d
128,dram_warm,65536,16,0.00006552,0.00000004,90,0,14d36a59c839024fcb2fc1e2ee43d66a1fe123e520de9969a3ce65c5808a504b
128,nor_cold,65536,16,0.00048500,0.00001100,90,16,5b32f23bb1b7e78c157ebeefef5a6e4bb1058ebfea76d0ea92b3eaaf1ad8f82d
128,nor_warm,65536,16,0.00006552,0.00000003,90,16,14d36a59c839024fcb2fc1e2ee43d66a1fe123e520de9969a3ce65c5808a504b
181,comp,131044,31,0.000118,0.000005,90,0,
181,dram_cold,131044,31,0.000205,0.000007,90,0,5382b49e91b699da4de8a6fd6f22f9689f73b9b89cc113227d5013ff8b3ff55f
181,dram_warm,131044,31,0.00013039,0.00000005,90,0,07c945b6e486b1af172659c5295f984b9fc7fde1cc090a502cd470cc0f4817f6
181,nor_cold,131044,31,0.00096400,0.00000700,90,32,5382b49e91b699da4de8a6fd6f22f9689f73b9b89cc113227d5013ff8b3ff55f
181,nor_warm,131044,31,0.00013040,0.00000004,90,32,07c945b6e486b1af172659c5295f984b9fc7fde1cc090a502cd470cc0f4817f6
256,comp,262144,64,0.000236,0.000007,90,0,
256,dram_cold,262144,64,0.000407,0.000009,90,0,fca44fbca35c47b0bfb31a035a5986d02b4de6a5dc42a253e3a9fec3a7890c25
256,dram_warm,262144,64,0.00025990,0.00000008,90,0,4b8f4fba80cfc68cce9869b8f505caaa455609a9e36c06a3a84b676f0dfbf7ec
256,nor_cold,262144,64,0.00190800,0.00001800,90,64,fca44fbca35c47b0bfb31a035a5986d02b4de6a5dc42a253e3a9fec3a7890c25
256,nor_warm,262144,64,0.00025987,0.00000009,90,64,4b8f4fba80cfc68cce9869b8f505caaa455609a9e36c06a3a84b676f0dfbf7ec
362,comp,524176,127,0.000469,0.000009,90,0,
362,dram_cold,524176,127,0.000808,0.000008,90,0,4560f5a23e675897d7cb63829e594535d59019bf46926e01b2532f5d56a3edcc
362,dram_warm,524176,127,0.00051813,0.00000015,90,0,3e979e42a814a2e925738af9082d9b5302eec1861972ef99062b4346cd7489f9
362,nor_cold,524176,127,0.00390500,0.00001100,90,128,4560f5a23e675897d7cb63829e594535d59019bf46926e01b2532f5d56a3edcc
362,nor_warm,524176,127,0.00051819,0.00000015,90,128,3e979e42a814a2e925738af9082d9b5302eec1861972ef99062b4346cd7489f9
512,comp,1048576,256,0.000932,0.000005,90,0,
512,dram_cold,1048576,256,0.001620,0.000011,90,0,1daf075349267030b36ec299ac4370f241182d69857aa47d170a469901be1e69
512,dram_warm,1048576,256,0.00103705,0.00000051,90,0,bd0444ed3156f4a069de163d26680a9f9f71e1a821ce96f563a6eaac498617da
512,nor_cold,1048576,256,0.00769800,0.00003500,90,256,1daf075349267030b36ec299ac4370f241182d69857aa47d170a469901be1e69
512,nor_warm,1048576,256,0.00103693,0.00000041,90,256,bd0444ed3156f4a069de163d26680a9f9f71e1a821ce96f563a6eaac498617da
724,comp,2096704,511,0.001856,0.000011,90,0,
724,dram_cold,2096704,511,0.003244,0.000017,90,0,2ff9e08d43994bde91a6af776e2230f394220498b3ba8bcb485df65d79a0ae5e
724,dram_warm,2096704,511,0.00207300,0.00000053,90,0,37aa9f8f9bef986480384b01b7fb1886d18817b27e6aadd36ab26fbafd7a78e4
724,nor_cold,2096704,511,0.01562100,0.00027200,90,512,2ff9e08d43994bde91a6af776e2230f394220498b3ba8bcb485df65d79a0ae5e
724,nor_warm,2096704,511,0.00207317,0.00000067,90,512,37aa9f8f9bef986480384b01b7fb1886d18817b27e6aadd36ab26fbafd7a78e4
1024,comp,4194304,1024,0.003701,0.000011,90,0,
1024,dram_cold,4194304,1024,0.006506,0.000016,90,0,c74d6c1418a7a05f9eea94a4025e10724b81232abf125e7b8d753e8c36deeaa1
1024,dram_warm,4194304,1024,0.00414160,0.00000120,90,0,7de23f6fde777b96d78e920b660a4f6fd1c1c1157492a280e250204d1a7773ab
1024,nor_cold,4194304,1024,0.03137000,0.00003500,90,1024,c74d6c1418a7a05f9eea94a4025e10724b81232abf125e7b8d753e8c36deeaa1
1024,nor_warm,4194304,1024,0.00414213,0.00000127,90,1024,7de23f6fde777b96d78e920b660a4f6fd1c1c1157492a280e250204d1a7773ab
1448,comp,8386816,2047,0.007390,0.000017,90,0,
1448,dram_cold,8386816,2047,0.013041,0.000023,90,0,60868aeae538b0be1e1e64117720d5b2721456d31a5d107425cdf290479a2040
1448,dram_warm,8386816,2047,0.00828214,0.00000200,90,0,d86e9ecdb98472ad2b191f33027b15bf2277f64b1697d30ea3ab6716c9d95b3f
1448,nor_cold,8386816,2047,0.06323100,0.00059700,90,2048,60868aeae538b0be1e1e64117720d5b2721456d31a5d107425cdf290479a2040
1448,nor_warm,8386816,2047,0.00828200,0.00000314,90,2048,d86e9ecdb98472ad2b191f33027b15bf2277f64b1697d30ea3ab6716c9d95b3f
2048,comp,16777216,4096,0.014770,0.000016,90,0,
2048,dram_cold,16777216,4096,0.026130,0.000027,90,0,ee5f2ae9b5cdd6730cdf2e0f8d1a427cd8939c74ee577e8ef36a96f890efb4a2
2048,dram_warm,16777216,4096,0.02067067,0.00003667,90,0,956c1910a269f2a273c203313030d9ea0881577a14d1f214d6d28f71dbc17796
2048,nor_cold,16777216,4096,0.12661000,0.00070700,90,4096,ee5f2ae9b5cdd6730cdf2e0f8d1a427cd8939c74ee577e8ef36a96f890efb4a2
2048,nor_warm,16777216,4096,0.05361833,0.00121767,90,4096,956c1910a269f2a273c203313030d9ea0881577a14d1f214d6d28f71dbc17796
2896,comp,33547264,8190,0.029500,0.000029,60,0,
2896,dram_cold,33547264,8190,0.052370,0.000036,60,0,3c388920605634c506a2ed25cd1cfa06f1d28d8243f321992c2f0835e1450e6a
2896,dram_warm,33547264,8190,0.05211800,0.00030450,60,0,c4ac2bf72e5c66ae8d5165b8b15a73ddb9bcca254d3c8ebf0a238d9231527010
2896,nor_cold,33547264,8190,0.25383300,0.00085600,60,8191,3c388920605634c506a2ed25cd1cfa06f1d28d8243f321992c2f0835e1450e6a
2896,nor_warm,33547264,8190,0.25386750,0.00004300,60,8191,c4ac2bf72e5c66ae8d5165b8b15a73ddb9bcca254d3c8ebf0a238d9231527010
4096,comp,67108864,16384,0.058991,0.000041,60,0,
4096,dram_cold,67108864,16384,0.108542,0.000065,60,0,b1b51e524df78620caf52dd3832fedd2e74c43a1c598a876dbaf30eb92633d4f
4096,dram_warm,67108864,16384,0.10848500,0.00006200,60,0,b1b51e524df78620caf52dd3832fedd2e74c43a1c598a876dbaf30eb92633d4f
4096,nor_cold,67108864,16384,0.513834,0.000938,60,16384,b1b51e524df78620caf52dd3832fedd2e74c43a1c598a876dbaf30eb92633d4f
4096,nor_warm,67108864,16384,0.513777,0.000059,60,16384,b1b51e524df78620caf52dd3832fedd2e74c43a1c598a876dbaf30eb92633d4f
5793,comp,134235396,32772,0.117968,0.000031,36,0,
5793,dram_cold,134235396,32772,0.226118,0.000066,36,0,941ef47286dad48600fd4a353b965366d9b87606a425581a8c806efa62e85a89
5793,dram_warm,134235396,32772,0.22592000,0.00006800,36,0,941ef47286dad48600fd4a353b965366d9b87606a425581a8c806efa62e85a89
5793,nor_cold,134235396,32772,1.033153,0.000971,36,32773,941ef47286dad48600fd4a353b965366d9b87606a425581a8c806efa62e85a89
5793,nor_warm,134235396,32772,1.033160,0.000109,36,32773,941ef47286dad48600fd4a353b965366d9b87606a425581a8c806efa62e85a89
7094,comp,201299344,49145,0.176804,0.000055,36,0,
7094,dram_cold,201299344,49145,0.338891,0.000083,36,0,
7094,dram_warm,201299344,49145,0.338862,0.000054,36,0,
7094,nor_cold,201299344,49145,1.550539,0.001121,36,49146,
7094,nor_warm,201299344,49145,1.550127,0.000116,36,49146,
8192,comp,268435456,65536,0.235760,0.000054,36,0,
8192,dram_cold,268435456,65536,0.452497,0.000087,36,0,e7093986da15fca86813b671325332cfbd2bd0150b78590b6d03e0cf78f0c982
8192,dram_warm,268435456,65536,0.45253400,0.00009500,36,0,e7093986da15fca86813b671325332cfbd2bd0150b78590b6d03e0cf78f0c982
8192,nor_cold,268435456,65536,2.068887,0.001117,36,65526,e7093986da15fca86813b671325332cfbd2bd0150b78590b6d03e0cf78f0c982
8192,nor_warm,268435456,65536,2.065856,0.000239,36,65407,e7093986da15fca86813b671325332cfbd2bd0150b78590b6d03e0cf78f0c982
11585,comp,536848900,131066,0.471356,0.000086,36,0,
11585,dram_cold,536848900,131066,0.905343,0.000136,36,0,9812a996ea8db7ab9121972fa363248373a6d77598a0b8e5db1ff5fccc3ca690
11585,dram_warm,536848900,131066,0.90469600,0.00010800,36,0,9812a996ea8db7ab9121972fa363248373a6d77598a0b8e5db1ff5fccc3ca690
11585,nor_cold,536848900,131066,2.514382,0.000519,36,65270,9812a996ea8db7ab9121972fa363248373a6d77598a0b8e5db1ff5fccc3ca690
11585,nor_warm,536848900,131066,2.520426,0.000152,36,65528,9812a996ea8db7ab9121972fa363248373a6d77598a0b8e5db1ff5fccc3ca690
16384,comp,1073741824,262144,0.942806,0.000154,36,0,
16384,dram_cold,1073741824,262144,1.816493,0.000158,36,0,6497eceb68271597ce19ee92fd6681cd6bb7d549591c5357f17c120e05270453
16384,dram_warm,1073741824,262144,1.81631000,0.00012600,36,0,6497eceb68271597ce19ee92fd6681cd6bb7d549591c5357f17c120e05270453
16384,nor_cold,1073741824,262144,3.429155,0.000213,36,65528,6497eceb68271597ce19ee92fd6681cd6bb7d549591c5357f17c120e05270453
16384,nor_warm,1073741824,262144,3.429485,0.000165,36,65528,6497eceb68271597ce19ee92fd6681cd6bb7d549591c5357f17c120e05270453
